{"type": "FeatureCollection", "name": "field_trees", "crs": {"type": "name", "properties": {"name": "urn:ogc:def:crs:OGC:1.3:CRS84"}}, "features": [{"type": "Feature", "properties": {"standId": "ruil", "id": "3001", "dap": 81.0, "ht": 23.1, "rc_n": 6.1, "rc_s": 2.5, "rc_e": 5.4, "rc_o": 4.5}, "geometry": {"type": "Point", "coordinates": [-73.0257512331696, -41.1251290035985]}}, {"type": "Feature", "properties": {"standId": "ruil", "id": "3002", "dap": 58.0, "ht": 19.2, "rc_n": 2.3, "rc_s": 2.5, "rc_e": 4.5, "rc_o": 1.9}, "geometry": {"type": "Point", "coordinates": [-73.0257334815633, -41.125148495072416]}}, {"type": "Feature", "properties": {"standId": "ruil", "id": "3003", "dap": 50.1, "ht": 21.8, "rc_n": 3.1, "rc_s": 2.5, "rc_e": 6.4, "rc_o": 0.9}, "geometry": {"type": "Point", "coordinates": [-73.02571218099, -41.12516314405699]}}, {"type": "Feature", "properties": {"standId": "ruil", "id": "3004", "dap": 31.2, "ht": 19.9, "rc_n": 3.7, "rc_s": 1.6, "rc_e": 6.4, "rc_o": 1.4}, "geometry": {"type": "Point", "coordinates": [-73.0256911993034, -41.1251801858473]}}, {"type": "Feature", "properties": {"standId": "ruil", "id": "3005", "dap": 44.0, "ht": 20.4, "rc_n": 2.0, "rc_s": 2.1, "rc_e": 4.4, "rc_o": 1.4}, "geometry": {"type": "Point", "coordinates": [-73.0256718497193, -41.1251972942525]}}, {"type": "Feature", "properties": {"standId": "ruil", "id": "3006", "dap": 58.0, "ht": 18.2, "rc_n": 1.4, "rc_s": 1.8, "rc_e": 3.9, "rc_o": 1.2}, "geometry": {"type": "Point", "coordinates": [-73.0256504499457, -41.125215919587106]}}, {"type": "Feature", "properties": {"standId": "ruil", "id": "3007", "dap": 69.0, "ht": 18.3, "rc_n": 1.1, "rc_s": 2.1, "rc_e": 3.5, "rc_o": 1.3}, "geometry": {"type": "Point", "coordinates": [-73.025632476649, -41.12523292366401]}}, {"type": "Feature", "properties": {"standId": "ruil", "id": "3008", "dap": 33.5, "ht": 17.6, "rc_n": 1.1, "rc_s": 1.8, "rc_e": 3.5, "rc_o": 0.7}, "geometry": {"type": "Point", "coordinates": [-73.02560653537782, -41.12525071737159]}}, {"type": "Feature", "properties": {"standId": "ruil", "id": "3009", "dap": 38.0, "ht": 20.3, "rc_n": 2.1, "rc_s": 1.2, "rc_e": 4.5, "rc_o": 0.8}, "geometry": {"type": "Point", "coordinates": [-73.025572310936, -41.125283621199195]}}, {"type": "Feature", "properties": {"standId": "ruil", "id": "3010", "dap": 35.5, "ht": 21.3, "rc_n": 1.7, "rc_s": 0.6, "rc_e": 4.2, "rc_o": 1.6}, "geometry": {"type": "Point", "coordinates": [-73.025552220173, -41.125301664070996]}}, {"type": "Feature", "properties": {"standId": "ruil", "id": "3011", "dap": 51.0, "ht": 21.8, "rc_n": 1.6, "rc_s": 1.4, "rc_e": 4.8, "rc_o": 1.8}, "geometry": {"type": "Point", "coordinates": [-73.0255323726384, -41.1253185479996]}}, {"type": "Feature", "properties": {"standId": "ruil", "id": "3012", "dap": 46.0, "ht": 20.2, "rc_n": 1.8, "rc_s": 1.7, "rc_e": 4.3, "rc_o": 1.0}, "geometry": {"type": "Point", "coordinates": [-73.0255116667061, -41.1253348899482]}}, {"type": "Feature", "properties": {"standId": "ruil", "id": "3013", "dap": 46.0, "ht": 20.9, "rc_n": 1.6, "rc_s": 0.6, "rc_e": 4.2, "rc_o": 1.1}, "geometry": {"type": "Point", "coordinates": [-73.0254917561018, -41.1253523109026]}}, {"type": "Feature", "properties": {"standId": "ruil", "id": "3014", "dap": 45.0, "ht": 24.9, "rc_n": 1.1, "rc_s": 2.0, "rc_e": 4.9, "rc_o": 1.3}, "geometry": {"type": "Point", "coordinates": [-73.0254711994416, -41.12537074369689]}}, {"type": "Feature", "properties": {"standId": "ruil", "id": "3015", "dap": 44.5, "ht": 19.57, "rc_n": 1.7, "rc_s": 1.3, "rc_e": 4.9, "rc_o": 1.8}, "geometry": {"type": "Point", "coordinates": [-73.0254490881511, -41.125385075312295]}}, {"type": "Feature", "properties": {"standId": "ruil", "id": "3016", "dap": 55.0, "ht": 21.5, "rc_n": 0.6, "rc_s": 5.4, "rc_e": 3.8, "rc_o": 1.2}, "geometry": {"type": "Point", "coordinates": [-73.0254313669223, -41.1254031848229]}}, {"type": "Feature", "properties": {"standId": "ruil", "id": "3017", "dap": 23.0, "ht": 15.7, "rc_n": 0.0, "rc_s": 6.3, "rc_e": 1.6, "rc_o": 1.9}, "geometry": {"type": "Point", "coordinates": [-73.0254536628579, -41.12541977617579]}}, {"type": "Feature", "properties": {"standId": "ruil", "id": "3018", "dap": 33.0, "ht": 22.1, "rc_n": 2.2, "rc_s": 1.4, "rc_e": 1.5, "rc_o": 0.8}, "geometry": {"type": "Point", "coordinates": [-73.0254743776412, -41.1254018900333]}}, {"type": "Feature", "properties": {"standId": "ruil", "id": "3019", "dap": 33.5, "ht": 18.4, "rc_n": 0.7, "rc_s": 3.1, "rc_e": 1.8, "rc_o": 2.4}, "geometry": {"type": "Point", "coordinates": [-73.0255126767976, -41.1253674663281]}}, {"type": "Feature", "properties": {"standId": "ruil", "id": "3020", "dap": 42.0, "ht": 24.4, "rc_n": 3.1, "rc_s": 1.3, "rc_e": 1.2, "rc_o": 3.6}, "geometry": {"type": "Point", "coordinates": [-73.0255348529182, -41.12535022402729]}}, {"type": "Feature", "properties": {"standId": "ruil", "id": "3021", "dap": 27.0, "ht": 24.4, "rc_n": 1.3, "rc_s": 1.1, "rc_e": 0.9, "rc_o": 1.8}, "geometry": {"type": "Point", "coordinates": [-73.025574434796, -41.125316538453895]}}, {"type": "Feature", "properties": {"standId": "ruil", "id": "3022", "dap": 18.0, "ht": 21.2, "rc_n": 1.3, "rc_s": 0.9, "rc_e": 1.1, "rc_o": 0.6}, "geometry": {"type": "Point", "coordinates": [-73.0255940316469, -41.12529884554171]}}, {"type": "Feature", "properties": {"standId": "ruil", "id": "3023", "dap": 6.0, "ht": 10.5, "rc_n": 1.4, "rc_s": 1.2, "rc_e": 1.5, "rc_o": 1.3}, "geometry": {"type": "Point", "coordinates": [-73.02561472966102, -41.12528139026718]}}, {"type": "Feature", "properties": {"standId": "ruil", "id": "3024", "dap": 35.5, "ht": 24.5, "rc_n": 1.7, "rc_s": 3.1, "rc_e": 2.4, "rc_o": 1.3}, "geometry": {"type": "Point", "coordinates": [-73.025634546699, -41.12526397490111]}}, {"type": "Feature", "properties": {"standId": "ruil", "id": "3025", "dap": 25.0, "ht": 23.3, "rc_n": 1.2, "rc_s": 1.7, "rc_e": 2.6, "rc_o": 1.3}, "geometry": {"type": "Point", "coordinates": [-73.0256546722383, -41.125246177946806]}}, {"type": "Feature", "properties": {"standId": "ruil", "id": "3026 muerto", "dap": 0.0, "ht": null, "rc_n": null, "rc_s": null, "rc_e": null, "rc_o": null}, "geometry": {"type": "Point", "coordinates": [-73.0256749108411, -41.12522875540709]}}, {"type": "Feature", "properties": {"standId": "ruil", "id": "3027", "dap": 31.0, "ht": 24.2, "rc_n": 0.7, "rc_s": 3.1, "rc_e": 1.5, "rc_o": 1.0}, "geometry": {"type": "Point", "coordinates": [-73.02569424826021, -41.1252123713899]}}, {"type": "Feature", "properties": {"standId": "ruil", "id": "3028", "dap": 30.0, "ht": 22.2, "rc_n": 1.3, "rc_s": 2.2, "rc_e": 3.2, "rc_o": 1.6}, "geometry": {"type": "Point", "coordinates": [-73.0257145844733, -41.125195720265914]}}, {"type": "Feature", "properties": {"standId": "ruil", "id": "3029", "dap": 41.0, "ht": 25.1, "rc_n": 1.1, "rc_s": 1.3, "rc_e": 2.9, "rc_o": 1.9}, "geometry": {"type": "Point", "coordinates": [-73.0257348566475, -41.1251776571497]}}, {"type": "Feature", "properties": {"standId": "ruil", "id": "3030", "dap": 36.0, "ht": 22.1, "rc_n": 0.9, "rc_s": 1.2, "rc_e": 1.6, "rc_o": 1.6}, "geometry": {"type": "Point", "coordinates": [-73.0257547710994, -41.125161091372505]}}, {"type": "Feature", "properties": {"standId": "ruil", "id": "3031", "dap": 15.0, "ht": 22.5, "rc_n": 5.4, "rc_s": 0.7, "rc_e": 1.5, "rc_o": 0.9}, "geometry": {"type": "Point", "coordinates": [-73.0257763523028, -41.1251434864404]}}, {"type": "Feature", "properties": {"standId": "ruil", "id": "3032", "dap": 7.0, "ht": 8.6, "rc_n": 2.4, "rc_s": 1.7, "rc_e": 2.9, "rc_o": 2.3}, "geometry": {"type": "Point", "coordinates": [-73.0257780250932, -41.125145208927414]}}, {"type": "Feature", "properties": {"standId": "ruil", "id": "3034", "dap": 15.0, "ht": 20.9, "rc_n": 0.0, "rc_s": 1.0, "rc_e": 0.0, "rc_o": 1.4}, "geometry": {"type": "Point", "coordinates": [-73.0257775672911, -41.12517579136309]}}, {"type": "Feature", "properties": {"standId": "ruil", "id": "3035", "dap": 11.0, "ht": 20.0, "rc_n": 0.9, "rc_s": 0.8, "rc_e": 1.4, "rc_o": 0.9}, "geometry": {"type": "Point", "coordinates": [-73.0257577457276, -41.1251926015759]}}, {"type": "Feature", "properties": {"standId": "ruil", "id": "3035", "dap": 11.0, "ht": 20.0, "rc_n": 0.9, "rc_s": 0.8, "rc_e": 1.4, "rc_o": 0.9}, "geometry": {"type": "Point", "coordinates": [-73.0257970286913, -41.125159521188394]}}, {"type": "Feature", "properties": {"standId": "ruil", "id": "3036", "dap": 28.0, "ht": 22.8, "rc_n": 2.0, "rc_s": 1.5, "rc_e": 1.2, "rc_o": 1.0}, "geometry": {"type": "Point", "coordinates": [-73.0257373439606, -41.125209767559]}}, {"type": "Feature", "properties": {"standId": "ruil", "id": "3037", "dap": 21.0, "ht": 23.9, "rc_n": 1.0, "rc_s": 1.1, "rc_e": 2.4, "rc_o": 0.4}, "geometry": {"type": "Point", "coordinates": [-73.0257158695254, -41.12522691632749]}}, {"type": "Feature", "properties": {"standId": "ruil", "id": "3038", "dap": 25.0, "ht": 18.3, "rc_n": 2.3, "rc_s": 0.0, "rc_e": 1.2, "rc_o": 0.8}, "geometry": {"type": "Point", "coordinates": [-73.0256982700276, -41.1252439689355]}}, {"type": "Feature", "properties": {"standId": "ruil", "id": "3039", "dap": 36.0, "ht": 24.6, "rc_n": 2.5, "rc_s": 1.6, "rc_e": 2.5, "rc_o": 0.9}, "geometry": {"type": "Point", "coordinates": [-73.0256794002408, -41.12526121342991]}}, {"type": "Feature", "properties": {"standId": "ruil", "id": "3040", "dap": 32.0, "ht": 21.8, "rc_n": 1.7, "rc_s": 2.0, "rc_e": 1.9, "rc_o": 1.7}, "geometry": {"type": "Point", "coordinates": [-73.0256577822694, -41.1252785751072]}}, {"type": "Feature", "properties": {"standId": "ruil", "id": "3041", "dap": 21.0, "ht": 23.1, "rc_n": 2.0, "rc_s": 2.4, "rc_e": 3.0, "rc_o": 1.1}, "geometry": {"type": "Point", "coordinates": [-73.025637806243, -41.12529587944339]}}, {"type": "Feature", "properties": {"standId": "ruil", "id": "3042", "dap": 19.0, "ht": 19.6, "rc_n": 2.0, "rc_s": 1.9, "rc_e": 2.4, "rc_o": 0.6}, "geometry": {"type": "Point", "coordinates": [-73.025616338251, -41.12531375719289]}}, {"type": "Feature", "properties": {"standId": "ruil", "id": "3043", "dap": 6.0, "ht": 6.7, "rc_n": null, "rc_s": null, "rc_e": null, "rc_o": null}, "geometry": {"type": "Point", "coordinates": [-73.0255580591001, -41.125363878133705]}}, {"type": "Feature", "properties": {"standId": "ruil", "id": "3044", "dap": 17.0, "ht": 18.3, "rc_n": 1.2, "rc_s": 0.5, "rc_e": 1.9, "rc_o": 0.9}, "geometry": {"type": "Point", "coordinates": [-73.0255370013913, -41.1253809953391]}}, {"type": "Feature", "properties": {"standId": "ruil", "id": "3045", "dap": 22.5, "ht": 21.8, "rc_n": 2.2, "rc_s": 0.6, "rc_e": 0.9, "rc_o": 1.6}, "geometry": {"type": "Point", "coordinates": [-73.0255178695944, -41.1253977201202]}}, {"type": "Feature", "properties": {"standId": "ruil", "id": "3046", "dap": 36.5, "ht": 19.7, "rc_n": 2.5, "rc_s": 0.9, "rc_e": 2.0, "rc_o": 1.8}, "geometry": {"type": "Point", "coordinates": [-73.025496854582, -41.1254145327175]}}, {"type": "Feature", "properties": {"standId": "ruil", "id": "3047", "dap": 43.0, "ht": 22.4, "rc_n": 0.9, "rc_s": 4.2, "rc_e": 4.4, "rc_o": 0.3}, "geometry": {"type": "Point", "coordinates": [-73.0254777432674, -41.1254325844827]}}, {"type": "Feature", "properties": {"standId": "ruil", "id": "3048", "dap": 62.0, "ht": 23.1, "rc_n": 2.7, "rc_s": 5.3, "rc_e": 2.2, "rc_o": 1.7}, "geometry": {"type": "Point", "coordinates": [-73.0255003822424, -41.1254456453071]}}, {"type": "Feature", "properties": {"standId": "ruil", "id": "3049", "dap": 41.0, "ht": 23.6, "rc_n": 2.4, "rc_s": 1.6, "rc_e": 2.3, "rc_o": 4.4}, "geometry": {"type": "Point", "coordinates": [-73.0255202734011, -41.125429975501696]}}, {"type": "Feature", "properties": {"standId": "ruil", "id": "3050", "dap": 31.0, "ht": 21.4, "rc_n": 1.4, "rc_s": 0.9, "rc_e": 0.9, "rc_o": 1.1}, "geometry": {"type": "Point", "coordinates": [-73.0255403103444, -41.1254124470808]}}, {"type": "Feature", "properties": {"standId": "ruil", "id": "3051", "dap": 30.0, "ht": 22.0, "rc_n": 1.1, "rc_s": 1.9, "rc_e": 1.6, "rc_o": 2.6}, "geometry": {"type": "Point", "coordinates": [-73.025560250755, -41.1253957022759]}}, {"type": "Feature", "properties": {"standId": "ruil", "id": "3052", "dap": 32.0, "ht": 20.4, "rc_n": 1.5, "rc_s": 1.7, "rc_e": 2.0, "rc_o": 2.3}, "geometry": {"type": "Point", "coordinates": [-73.0255801030348, -41.12537796866539]}}, {"type": "Feature", "properties": {"standId": "ruil", "id": "3053", "dap": 40.0, "ht": 23.4, "rc_n": 2.5, "rc_s": 2.4, "rc_e": 2.6, "rc_o": 1.6}, "geometry": {"type": "Point", "coordinates": [-73.025600762573, -41.12536068649419]}}, {"type": "Feature", "properties": {"standId": "ruil", "id": "3054", "dap": 39.0, "ht": 22.6, "rc_n": 1.2, "rc_s": 3.0, "rc_e": 2.5, "rc_o": 1.3}, "geometry": {"type": "Point", "coordinates": [-73.0256382413979, -41.1253262921135]}}, {"type": "Feature", "properties": {"standId": "ruil", "id": "3055", "dap": 26.0, "ht": 23.5, "rc_n": 1.0, "rc_s": 1.2, "rc_e": 1.3, "rc_o": 1.5}, "geometry": {"type": "Point", "coordinates": [-73.0256586443919, -41.1253091971761]}}, {"type": "Feature", "properties": {"standId": "ruil", "id": "3056", "dap": 24.0, "ht": 21.9, "rc_n": 1.0, "rc_s": 1.8, "rc_e": 1.7, "rc_o": 0.7}, "geometry": {"type": "Point", "coordinates": [-73.0256789371754, -41.12529239381661]}}, {"type": "Feature", "properties": {"standId": "ruil", "id": "3057", "dap": 35.0, "ht": 24.7, "rc_n": 2.5, "rc_s": 1.5, "rc_e": 1.6, "rc_o": 2.1}, "geometry": {"type": "Point", "coordinates": [-73.0256983529186, -41.1252744522054]}}, {"type": "Feature", "properties": {"standId": "ruil", "id": "3058", "dap": 14.0, "ht": 17.5, "rc_n": 0.7, "rc_s": 0.9, "rc_e": 0.5, "rc_o": 0.7}, "geometry": {"type": "Point", "coordinates": [-73.0257211529271, -41.12525863372459]}}, {"type": "Feature", "properties": {"standId": "ruil", "id": "3059", "dap": 32.0, "ht": 23.6, "rc_n": 1.1, "rc_s": 2.4, "rc_e": 1.3, "rc_o": 3.3}, "geometry": {"type": "Point", "coordinates": [-73.0257405651707, -41.125241825202586]}}, {"type": "Feature", "properties": {"standId": "ruil", "id": "3060", "dap": 36.0, "ht": 23.9, "rc_n": 2.3, "rc_s": 2.4, "rc_e": 1.0, "rc_o": 2.5}, "geometry": {"type": "Point", "coordinates": [-73.0257602358003, -41.1252241512544]}}, {"type": "Feature", "properties": {"standId": "ruil", "id": "3061", "dap": 36.0, "ht": 23.3, "rc_n": 2.1, "rc_s": 1.2, "rc_e": 1.9, "rc_o": 2.4}, "geometry": {"type": "Point", "coordinates": [-73.025780664384, -41.1252072700576]}}, {"type": "Feature", "properties": {"standId": "ruil", "id": "3062", "dap": 17.0, "ht": 17.2, "rc_n": 2.4, "rc_s": 0.0, "rc_e": 0.0, "rc_o": 2.3}, "geometry": {"type": "Point", "coordinates": [-73.0258003051113, -41.1251904986252]}}, {"type": "Feature", "properties": {"standId": "ruil", "id": "3063", "dap": 32.0, "ht": 21.6, "rc_n": 5.3, "rc_s": 0.0, "rc_e": 2.0, "rc_o": 2.4}, "geometry": {"type": "Point", "coordinates": [-73.0258205197038, -41.12517374759399]}}, {"type": "Feature", "properties": {"standId": "ruil", "id": "3064", "dap": 26.0, "ht": 18.8, "rc_n": 3.6, "rc_s": 1.9, "rc_e": 1.0, "rc_o": 5.2}, "geometry": {"type": "Point", "coordinates": [-73.02584271302192, -41.125187925438794]}}, {"type": "Feature", "properties": {"standId": "ruil", "id": "3065", "dap": 40.0, "ht": 22.1, "rc_n": 0.9, "rc_s": 3.2, "rc_e": 0.3, "rc_o": 4.7}, "geometry": {"type": "Point", "coordinates": [-73.0258227476937, -41.12520556775971]}}, {"type": "Feature", "properties": {"standId": "ruil", "id": "3066", "dap": 23.0, "ht": 19.9, "rc_n": 1.6, "rc_s": 1.6, "rc_e": 0.2, "rc_o": 3.6}, "geometry": {"type": "Point", "coordinates": [-73.0258023639245, -41.1252229341435]}}, {"type": "Feature", "properties": {"standId": "ruil", "id": "3067", "dap": 35.0, "ht": 22.6, "rc_n": 2.1, "rc_s": 2.3, "rc_e": 1.0, "rc_o": 4.3}, "geometry": {"type": "Point", "coordinates": [-73.0257833388056, -41.1252396614673]}}, {"type": "Feature", "properties": {"standId": "ruil", "id": "3068", "dap": 8.0, "ht": 13.2, "rc_n": 2.3, "rc_s": 0.0, "rc_e": 0.6, "rc_o": 3.4}, "geometry": {"type": "Point", "coordinates": [-73.0257635792312, -41.12525610568171]}}, {"type": "Feature", "properties": {"standId": "ruil", "id": "3069", "dap": 38.0, "ht": 22.7, "rc_n": 3.9, "rc_s": 1.5, "rc_e": 1.2, "rc_o": 5.4}, "geometry": {"type": "Point", "coordinates": [-73.02574269125071, -41.125272469276204]}}, {"type": "Feature", "properties": {"standId": "ruil", "id": "3070", "dap": 31.0, "ht": 19.5, "rc_n": 3.5, "rc_s": 2.2, "rc_e": 0.2, "rc_o": 5.4}, "geometry": {"type": "Point", "coordinates": [-73.0257230260231, -41.1252909613822]}}, {"type": "Feature", "properties": {"standId": "ruil", "id": "3071", "dap": 56.0, "ht": 26.4, "rc_n": 1.8, "rc_s": 2.3, "rc_e": 0.7, "rc_o": 5.1}, "geometry": {"type": "Point", "coordinates": [-73.0257023639578, -41.12530750630359]}}, {"type": "Feature", "properties": {"standId": "ruil", "id": "3072", "dap": 34.0, "ht": 20.0, "rc_n": 2.8, "rc_s": 2.1, "rc_e": 2.4, "rc_o": 5.0}, "geometry": {"type": "Point", "coordinates": [-73.0256814488044, -41.1253259717567]}}, {"type": "Feature", "properties": {"standId": "ruil", "id": "3073", "dap": 47.0, "ht": 25.7, "rc_n": 1.2, "rc_s": 2.3, "rc_e": 1.5, "rc_o": 3.6}, "geometry": {"type": "Point", "coordinates": [-73.02566257981101, -41.12534226916819]}}, {"type": "Feature", "properties": {"standId": "ruil", "id": "3074", "dap": 58.5, "ht": 12.4, "rc_n": 3.6, "rc_s": 2.3, "rc_e": 2.2, "rc_o": 6.1}, "geometry": {"type": "Point", "coordinates": [-73.0256422393871, -41.125359738949406]}}, {"type": "Feature", "properties": {"standId": "ruil", "id": "3075", "dap": 41.0, "ht": 22.2, "rc_n": 2.2, "rc_s": 2.3, "rc_e": 1.0, "rc_o": 5.9}, "geometry": {"type": "Point", "coordinates": [-73.0256217602757, -41.125375920394696]}}, {"type": "Feature", "properties": {"standId": "ruil", "id": "3076", "dap": 40.0, "ht": 18.9, "rc_n": 3.1, "rc_s": 3.0, "rc_e": 0.7, "rc_o": 5.1}, "geometry": {"type": "Point", "coordinates": [-73.0256022972166, -41.1253936134232]}}, {"type": "Feature", "properties": {"standId": "ruil", "id": "3077", "dap": 31.0, "ht": 22.0, "rc_n": 1.7, "rc_s": 2.5, "rc_e": 0.8, "rc_o": 4.1}, "geometry": {"type": "Point", "coordinates": [-73.0255811519074, -41.12541038393021]}}, {"type": "Feature", "properties": {"standId": "ruil", "id": "3078", "dap": 37.5, "ht": 17.5, "rc_n": 2.0, "rc_s": 3.2, "rc_e": 0.0, "rc_o": 4.6}, "geometry": {"type": "Point", "coordinates": [-73.0255412114254, -41.125445760872694]}}, {"type": "Feature", "properties": {"standId": "ruil", "id": "3079", "dap": 49.5, "ht": 20.7, "rc_n": 1.5, "rc_s": 6.1, "rc_e": 0.8, "rc_o": 5.6}, "geometry": {"type": "Point", "coordinates": [-73.0255234562049, -41.125461459209795]}}, {"type": "Feature", "properties": {"standId": "ruil", "id": "9999", "dap": 0.0, "ht": null, "rc_n": null, "rc_s": null, "rc_e": null, "rc_o": null}, "geometry": {"type": "Point", "coordinates": [-73.0256641529698, -41.12523652900182]}}, {"type": "Feature", "properties": {"standId": "alerce", "id": "4069", "dap": 17.0, "ht": 6.9, "rc_n": 2.2, "rc_s": 2.8, "rc_e": 2.5, "rc_o": 2.6}, "geometry": {"type": "Point", "coordinates": [-73.0317352958942, -41.1245745118807]}}, {"type": "Feature", "properties": {"standId": "alerce", "id": "4070", "dap": 6.0, "ht": 4.0, "rc_n": 1.6, "rc_s": 1.8, "rc_e": 2.1, "rc_o": 1.9}, "geometry": {"type": "Point", "coordinates": [-73.0317198100057, -41.124560928944696]}}, {"type": "Feature", "properties": {"standId": "alerce", "id": "4097", "dap": 16.5, "ht": 10.6, "rc_n": 1.6, "rc_s": 1.2, "rc_e": 1.2, "rc_o": 1.0}, "geometry": {"type": "Point", "coordinates": [-73.0315349079249, -41.12469917480559]}}, {"type": "Feature", "properties": {"standId": "alerce", "id": "4098", "dap": 21.5, "ht": 10.9, "rc_n": 1.6, "rc_s": 1.8, "rc_e": 2.5, "rc_o": 1.3}, "geometry": {"type": "Point", "coordinates": [-73.03155197147092, -41.124711912706296]}}, {"type": "Feature", "properties": {"standId": "alerce", "id": "4099", "dap": 27.0, "ht": 15.0, "rc_n": 2.0, "rc_s": 1.8, "rc_e": 1.9, "rc_o": 1.9}, "geometry": {"type": "Point", "coordinates": [-73.031568523038, -41.124724997056006]}}, {"type": "Feature", "properties": {"standId": "alerce", "id": "4100", "dap": 25.0, "ht": 13.2, "rc_n": 1.7, "rc_s": 1.8, "rc_e": 2.1, "rc_o": 2.0}, "geometry": {"type": "Point", "coordinates": [-73.0315841514605, -41.1247384591195]}}, {"type": "Feature", "properties": {"standId": "alerce", "id": "4101", "dap": 9.0, "ht": 5.6, "rc_n": null, "rc_s": null, "rc_e": null, "rc_o": null}, "geometry": {"type": "Point", "coordinates": [-73.0316007881563, -41.1247511608895]}}, {"type": "Feature", "properties": {"standId": "alerce", "id": "4102", "dap": 15.5, "ht": 9.0, "rc_n": 1.8, "rc_s": 1.3, "rc_e": 2.3, "rc_o": 0.0}, "geometry": {"type": "Point", "coordinates": [-73.0316167619448, -41.12476407789911]}}, {"type": "Feature", "properties": {"standId": "alerce", "id": "4103", "dap": 12.0, "ht": 9.7, "rc_n": 1.3, "rc_s": 1.3, "rc_e": 2.6, "rc_o": 1.1}, "geometry": {"type": "Point", "coordinates": [-73.0316333978864, -41.12477816547929]}}, {"type": "Feature", "properties": {"standId": "alerce", "id": "4104", "dap": 9.5, "ht": 9.5, "rc_n": 1.0, "rc_s": 0.5, "rc_e": 1.2, "rc_o": 0.9}, "geometry": {"type": "Point", "coordinates": [-73.0316489832789, -41.1247912302566]}}, {"type": "Feature", "properties": {"standId": "alerce", "id": "4105", "dap": 15.0, "ht": 10.8, "rc_n": 1.7, "rc_s": 1.2, "rc_e": 1.2, "rc_o": 1.3}, "geometry": {"type": "Point", "coordinates": [-73.031665536051, -41.1247768250494]}}, {"type": "Feature", "properties": {"standId": "alerce", "id": "4106", "dap": 27.5, "ht": 13.4, "rc_n": 2.0, "rc_s": 1.5, "rc_e": 1.3, "rc_o": 1.6}, "geometry": {"type": "Point", "coordinates": [-73.0316312037738, -41.12475055979909]}}, {"type": "Feature", "properties": {"standId": "alerce", "id": "4107", "dap": 17.0, "ht": 9.5, "rc_n": 1.0, "rc_s": 1.4, "rc_e": 0.8, "rc_o": 1.6}, "geometry": {"type": "Point", "coordinates": [-73.0315996496615, -41.12472378131461]}}, {"type": "Feature", "properties": {"standId": "alerce", "id": "4108", "dap": 19.0, "ht": 14.5, "rc_n": 1.4, "rc_s": 1.5, "rc_e": 1.2, "rc_o": 1.4}, "geometry": {"type": "Point", "coordinates": [-73.0315675992541, -41.1246983154746]}}, {"type": "Feature", "properties": {"standId": "alerce", "id": "4109", "dap": 13.5, "ht": 7.8, "rc_n": 1.9, "rc_s": 1.2, "rc_e": 2.5, "rc_o": 0.7}, "geometry": {"type": "Point", "coordinates": [-73.0315505220031, -41.124685442399795]}}, {"type": "Feature", "properties": {"standId": "alerce", "id": "4110", "dap": 20.0, "ht": 11.8, "rc_n": 2.0, "rc_s": 1.6, "rc_e": 2.1, "rc_o": 1.4}, "geometry": {"type": "Point", "coordinates": [-73.0315666909005, -41.1246708872588]}}, {"type": "Feature", "properties": {"standId": "alerce", "id": "4111", "dap": 18.5, "ht": 13.3, "rc_n": 1.2, "rc_s": 1.6, "rc_e": 1.5, "rc_o": 1.4}, "geometry": {"type": "Point", "coordinates": [-73.0315822992962, -41.124683769959894]}}, {"type": "Feature", "properties": {"standId": "alerce", "id": "4112", "dap": 23.0, "ht": 12.2, "rc_n": 0.7, "rc_s": 2.0, "rc_e": 1.5, "rc_o": 1.6}, "geometry": {"type": "Point", "coordinates": [-73.0315999790863, -41.12469760524219]}}, {"type": "Feature", "properties": {"standId": "alerce", "id": "4113", "dap": 11.0, "ht": 6.3, "rc_n": 0.8, "rc_s": 0.5, "rc_e": 0.8, "rc_o": 0.8}, "geometry": {"type": "Point", "coordinates": [-73.0316304865424, -41.1247238242225]}}, {"type": "Feature", "properties": {"standId": "alerce", "id": "4114", "dap": 18.5, "ht": 11.0, "rc_n": 2.6, "rc_s": 1.0, "rc_e": 1.5, "rc_o": 0.9}, "geometry": {"type": "Point", "coordinates": [-73.0316629877844, -41.1247502079739]}}, {"type": "Feature", "properties": {"standId": "alerce", "id": "4115", "dap": 14.5, "ht": 10.9, "rc_n": 1.4, "rc_s": 0.5, "rc_e": 1.1, "rc_o": 0.4}, "geometry": {"type": "Point", "coordinates": [-73.0316789624782, -41.124763736990396]}}, {"type": "Feature", "properties": {"standId": "alerce", "id": "4116", "dap": 20.0, "ht": 11.5, "rc_n": 2.0, "rc_s": 0.7, "rc_e": 1.6, "rc_o": 1.1}, "geometry": {"type": "Point", "coordinates": [-73.0316774146659, -41.1247360147338]}}, {"type": "Feature", "properties": {"standId": "alerce", "id": "4117", "dap": 16.0, "ht": 11.1, "rc_n": 2.1, "rc_s": 1.3, "rc_e": 2.5, "rc_o": 1.2}, "geometry": {"type": "Point", "coordinates": [-73.0316617383522, -41.124723712151095]}}, {"type": "Feature", "properties": {"standId": "alerce", "id": "4118", "dap": 19.0, "ht": 10.9, "rc_n": 1.8, "rc_s": 2.1, "rc_e": 1.3, "rc_o": 1.9}, "geometry": {"type": "Point", "coordinates": [-73.0316293879042, -41.12469693583301]}}, {"type": "Feature", "properties": {"standId": "alerce", "id": "4119", "dap": 20.0, "ht": 14.6, "rc_n": 1.3, "rc_s": 1.6, "rc_e": 1.4, "rc_o": 1.6}, "geometry": {"type": "Point", "coordinates": [-73.03161292257522, -41.1246836711496]}}, {"type": "Feature", "properties": {"standId": "alerce", "id": "4120", "dap": 20.0, "ht": 13.5, "rc_n": 1.3, "rc_s": 1.4, "rc_e": 1.4, "rc_o": 1.5}, "geometry": {"type": "Point", "coordinates": [-73.0315965263115, -41.1246697085436]}}, {"type": "Feature", "properties": {"standId": "alerce", "id": "4121", "dap": 20.0, "ht": 12.5, "rc_n": 1.8, "rc_s": 1.5, "rc_e": 1.6, "rc_o": 1.0}, "geometry": {"type": "Point", "coordinates": [-73.0315805773437, -41.1246569755643]}}, {"type": "Feature", "properties": {"standId": "alerce", "id": "4122", "dap": 13.0, "ht": 11.2, "rc_n": 1.0, "rc_s": 1.5, "rc_e": 2.0, "rc_o": 1.1}, "geometry": {"type": "Point", "coordinates": [-73.0315808916522, -41.12463092190569]}}, {"type": "Feature", "properties": {"standId": "alerce", "id": "4123", "dap": 17.5, "ht": 12.4, "rc_n": 1.0, "rc_s": 1.7, "rc_e": 1.1, "rc_o": 1.3}, "geometry": {"type": "Point", "coordinates": [-73.0315969041794, -41.124643344425884]}}, {"type": "Feature", "properties": {"standId": "alerce", "id": "4124", "dap": 23.3, "ht": 13.4, "rc_n": 1.7, "rc_s": 1.7, "rc_e": 1.3, "rc_o": 1.5}, "geometry": {"type": "Point", "coordinates": [-73.0316290051194, -41.12466999265919]}}, {"type": "Feature", "properties": {"standId": "alerce", "id": "4125", "dap": 12.7, "ht": 9.9, "rc_n": 0.7, "rc_s": 0.9, "rc_e": 0.9, "rc_o": 1.0}, "geometry": {"type": "Point", "coordinates": [-73.03164539880311, -41.1246829745566]}}, {"type": "Feature", "properties": {"standId": "alerce", "id": "4126", "dap": 23.5, "ht": 10.3, "rc_n": 1.1, "rc_s": 1.0, "rc_e": 1.1, "rc_o": 1.3}, "geometry": {"type": "Point", "coordinates": [-73.0316604626745, -41.12469570133559]}}, {"type": "Feature", "properties": {"standId": "alerce", "id": "4127", "dap": 23.0, "ht": 9.0, "rc_n": 1.5, "rc_s": 1.2, "rc_e": 1.7, "rc_o": 0.9}, "geometry": {"type": "Point", "coordinates": [-73.03169296066, -41.12472254855519]}}, {"type": "Feature", "properties": {"standId": "alerce", "id": "4128", "dap": 8.7, "ht": 11.1, "rc_n": 1.5, "rc_s": 0.6, "rc_e": 0.6, "rc_o": 2.7}, "geometry": {"type": "Point", "coordinates": [-73.0317255730525, -41.1247215752082]}}, {"type": "Feature", "properties": {"standId": "alerce", "id": "4129", "dap": 9.0, "ht": 10.1, "rc_n": 0.9, "rc_s": 1.9, "rc_e": 1.1, "rc_o": 0.7}, "geometry": {"type": "Point", "coordinates": [-73.0317080534586, -41.12470820867998]}}, {"type": "Feature", "properties": {"standId": "alerce", "id": "4130", "dap": 23.5, "ht": 13.3, "rc_n": 1.7, "rc_s": 1.6, "rc_e": 2.2, "rc_o": 1.3}, "geometry": {"type": "Point", "coordinates": [-73.0316917664992, -41.124695803122506]}}, {"type": "Feature", "properties": {"standId": "alerce", "id": "4131", "dap": 10.8, "ht": 9.8, "rc_n": 1.5, "rc_s": 0.9, "rc_e": 0.7, "rc_o": 1.8}, "geometry": {"type": "Point", "coordinates": [-73.0316780672058, -41.1246811648519]}}, {"type": "Feature", "properties": {"standId": "alerce", "id": "4132", "dap": 19.0, "ht": 13.5, "rc_n": 1.7, "rc_s": 1.7, "rc_e": 1.5, "rc_o": 1.6}, "geometry": {"type": "Point", "coordinates": [-73.0316592933885, -41.12466840232019]}}, {"type": "Feature", "properties": {"standId": "alerce", "id": "4133", "dap": 22.0, "ht": 13.3, "rc_n": 1.3, "rc_s": 2.1, "rc_e": 1.3, "rc_o": 1.8}, "geometry": {"type": "Point", "coordinates": [-73.0316290013421, -41.124643571356096]}}, {"type": "Feature", "properties": {"standId": "alerce", "id": "4134", "dap": 19.0, "ht": 13.0, "rc_n": 0.9, "rc_s": 1.3, "rc_e": 1.4, "rc_o": 1.1}, "geometry": {"type": "Point", "coordinates": [-73.03161207325192, -41.124630568981395]}}, {"type": "Feature", "properties": {"standId": "alerce", "id": "4135", "dap": 20.0, "ht": 13.8, "rc_n": 2.0, "rc_s": 1.6, "rc_e": 2.0, "rc_o": 1.3}, "geometry": {"type": "Point", "coordinates": [-73.0315956584661, -41.1246162675501]}}, {"type": "Feature", "properties": {"standId": "alerce", "id": "4136", "dap": 16.0, "ht": 13.5, "rc_n": 1.8, "rc_s": 1.7, "rc_e": 1.6, "rc_o": 1.2}, "geometry": {"type": "Point", "coordinates": [-73.0316103399842, -41.1246033565568]}}, {"type": "Feature", "properties": {"standId": "alerce", "id": "4137", "dap": 19.0, "ht": 14.9, "rc_n": 1.2, "rc_s": 1.5, "rc_e": 1.5, "rc_o": 1.7}, "geometry": {"type": "Point", "coordinates": [-73.0316274587911, -41.12461653228419]}}, {"type": "Feature", "properties": {"standId": "alerce", "id": "4138", "dap": 18.0, "ht": 12.9, "rc_n": 0.9, "rc_s": 1.4, "rc_e": 1.1, "rc_o": 1.2}, "geometry": {"type": "Point", "coordinates": [-73.0316425607576, -41.1246297523005]}}, {"type": "Feature", "properties": {"standId": "alerce", "id": "4139", "dap": 12.5, "ht": 9.4, "rc_n": 1.0, "rc_s": 1.3, "rc_e": 1.0, "rc_o": 1.3}, "geometry": {"type": "Point", "coordinates": [-73.031658473066, -41.1246415822936]}}, {"type": "Feature", "properties": {"standId": "alerce", "id": "4140", "dap": 14.0, "ht": 9.6, "rc_n": 1.1, "rc_s": 1.3, "rc_e": 1.1, "rc_o": 1.3}, "geometry": {"type": "Point", "coordinates": [-73.0316757230892, -41.12465560279271]}}, {"type": "Feature", "properties": {"standId": "alerce", "id": "4141", "dap": null, "ht": 11.6, "rc_n": 1.7, "rc_s": 0.9, "rc_e": 1.7, "rc_o": 1.7}, "geometry": {"type": "Point", "coordinates": [-73.0317076058312, -41.124682251772995]}}, {"type": "Feature", "properties": {"standId": "alerce", "id": "4142", "dap": 20.0, "ht": 12.2, "rc_n": 2.2, "rc_s": 1.8, "rc_e": 2.0, "rc_o": 2.4}, "geometry": {"type": "Point", "coordinates": [-73.03172329354531, -41.124694744588794]}}, {"type": "Feature", "properties": {"standId": "alerce", "id": "4143", "dap": 12.9, "ht": 7.9, "rc_n": 1.9, "rc_s": 0.9, "rc_e": 1.4, "rc_o": 0.0}, "geometry": {"type": "Point", "coordinates": [-73.0317221176836, -41.1246679119736]}}, {"type": "Feature", "properties": {"standId": "alerce", "id": "4144", "dap": 23.2, "ht": 11.7, "rc_n": 1.9, "rc_s": 1.5, "rc_e": 2.1, "rc_o": 1.4}, "geometry": {"type": "Point", "coordinates": [-73.0317057208713, -41.12465506983621]}}, {"type": "Feature", "properties": {"standId": "alerce", "id": "4145", "dap": 18.3, "ht": 14.4, "rc_n": 1.3, "rc_s": 1.8, "rc_e": 2.0, "rc_o": 1.2}, "geometry": {"type": "Point", "coordinates": [-73.0316742197105, -41.124627355041696]}}, {"type": "Feature", "properties": {"standId": "alerce", "id": "4146", "dap": 17.0, "ht": 13.5, "rc_n": 1.4, "rc_s": 1.2, "rc_e": 0.9, "rc_o": 1.5}, "geometry": {"type": "Point", "coordinates": [-73.0316569938733, -41.12461626432369]}}, {"type": "Feature", "properties": {"standId": "alerce", "id": "4147", "dap": 24.6, "ht": 15.7, "rc_n": 1.3, "rc_s": 1.7, "rc_e": 1.6, "rc_o": 1.8}, "geometry": {"type": "Point", "coordinates": [-73.0316420985645, -41.12460144396]}}, {"type": "Feature", "properties": {"standId": "alerce", "id": "4148", "dap": 16.0, "ht": 14.0, "rc_n": 1.3, "rc_s": 1.0, "rc_e": 1.4, "rc_o": 1.0}, "geometry": {"type": "Point", "coordinates": [-73.0316242455263, -41.1245896095753]}}, {"type": "Feature", "properties": {"standId": "alerce", "id": "4149", "dap": 15.8, "ht": 13.1, "rc_n": 0.0, "rc_s": 1.7, "rc_e": 1.1, "rc_o": 0.9}, "geometry": {"type": "Point", "coordinates": [-73.0316405757759, -41.1245762069661]}}, {"type": "Feature", "properties": {"standId": "alerce", "id": "4150", "dap": 20.0, "ht": 12.9, "rc_n": 1.0, "rc_s": 1.3, "rc_e": 0.9, "rc_o": 1.6}, "geometry": {"type": "Point", "coordinates": [-73.0316881985402, -41.1246143968537]}}, {"type": "Feature", "properties": {"standId": "alerce", "id": "4151", "dap": 17.0, "ht": 11.4, "rc_n": null, "rc_s": null, "rc_e": null, "rc_o": null}, "geometry": {"type": "Point", "coordinates": [-73.0317042508345, -41.124626788287095]}}, {"type": "Feature", "properties": {"standId": "alerce", "id": "4152", "dap": 17.4, "ht": 11.5, "rc_n": 1.9, "rc_s": 0.6, "rc_e": 1.4, "rc_o": 0.6}, "geometry": {"type": "Point", "coordinates": [-73.0317365776211, -41.1246535455709]}}, {"type": "Feature", "properties": {"standId": "alerce", "id": "4153", "dap": 16.7, "ht": 11.5, "rc_n": 4.0, "rc_s": 0.0, "rc_e": 0.6, "rc_o": 0.7}, "geometry": {"type": "Point", "coordinates": [-73.0317448436372, -41.124665674254004]}}, {"type": "Feature", "properties": {"standId": "alerce", "id": "4154", "dap": 10.1, "ht": 7.9, "rc_n": 1.2, "rc_s": 1.4, "rc_e": 1.2, "rc_o": 1.3}, "geometry": {"type": "Point", "coordinates": [-73.031768727149, -41.124679765183885]}}, {"type": "Feature", "properties": {"standId": "alerce", "id": "4155", "dap": 9.7, "ht": 10.2, "rc_n": 1.3, "rc_s": 1.6, "rc_e": 1.0, "rc_o": 1.2}, "geometry": {"type": "Point", "coordinates": [-73.0317831720992, -41.1246659194296]}}, {"type": "Feature", "properties": {"standId": "alerce", "id": "4156", "dap": 15.6, "ht": 12.8, "rc_n": 1.7, "rc_s": 1.4, "rc_e": 2.0, "rc_o": 0.7}, "geometry": {"type": "Point", "coordinates": [-73.03176672528642, -41.1246525746144]}}, {"type": "Feature", "properties": {"standId": "alerce", "id": "4157", "dap": 18.9, "ht": 11.6, "rc_n": 2.3, "rc_s": 1.7, "rc_e": 1.7, "rc_o": 1.4}, "geometry": {"type": "Point", "coordinates": [-73.0317367418623, -41.1246263497637]}}, {"type": "Feature", "properties": {"standId": "alerce", "id": "4158", "dap": 13.1, "ht": 12.0, "rc_n": 1.3, "rc_s": 1.2, "rc_e": 1.0, "rc_o": 1.3}, "geometry": {"type": "Point", "coordinates": [-73.0317192308079, -41.124613550535706]}}, {"type": "Feature", "properties": {"standId": "alerce", "id": "4159", "dap": 16.0, "ht": 11.0, "rc_n": 0.9, "rc_s": 1.8, "rc_e": 1.0, "rc_o": 0.9}, "geometry": {"type": "Point", "coordinates": [-73.0316562039131, -41.12456287381049]}}, {"type": "Feature", "properties": {"standId": "alerce", "id": "4160", "dap": 15.2, "ht": 11.5, "rc_n": 0.6, "rc_s": 2.3, "rc_e": 1.3, "rc_o": 1.4}, "geometry": {"type": "Point", "coordinates": [-73.0316715334768, -41.12454941239011]}}, {"type": "Feature", "properties": {"standId": "alerce", "id": "4161", "dap": 7.8, "ht": 11.0, "rc_n": 1.5, "rc_s": 1.1, "rc_e": 0.9, "rc_o": 1.2}, "geometry": {"type": "Point", "coordinates": [-73.0317031548886, -41.1245745651451]}}, {"type": "Feature", "properties": {"standId": "alerce", "id": "4162", "dap": 17.5, "ht": 13.1, "rc_n": 1.3, "rc_s": 1.8, "rc_e": 1.0, "rc_o": 2.0}, "geometry": {"type": "Point", "coordinates": [-73.0317192122796, -41.124587805583296]}}, {"type": "Feature", "properties": {"standId": "alerce", "id": "4163", "dap": 25.5, "ht": 14.0, "rc_n": 3.0, "rc_s": 1.3, "rc_e": 2.3, "rc_o": 1.6}, "geometry": {"type": "Point", "coordinates": [-73.03176553648561, -41.124625146568306]}}, {"type": "Feature", "properties": {"standId": "alerce", "id": "4164", "dap": 13.8, "ht": 10.4, "rc_n": 1.6, "rc_s": 0.0, "rc_e": 0.8, "rc_o": 0.9}, "geometry": {"type": "Point", "coordinates": [-73.0317808257066, -41.1246376694964]}}, {"type": "Feature", "properties": {"standId": "alerce", "id": "4165", "dap": 9.2, "ht": 12.7, "rc_n": null, "rc_s": null, "rc_e": null, "rc_o": null}, "geometry": {"type": "Point", "coordinates": [-73.0318133641366, -41.12463692329899]}}, {"type": "Feature", "properties": {"standId": "alerce", "id": "4166", "dap": 21.3, "ht": 14.6, "rc_n": 2.5, "rc_s": 1.6, "rc_e": 1.3, "rc_o": 2.2}, "geometry": {"type": "Point", "coordinates": [-73.0317959668982, -41.1246246054776]}}, {"type": "Feature", "properties": {"standId": "alerce", "id": "4167", "dap": 15.0, "ht": 7.8, "rc_n": null, "rc_s": null, "rc_e": null, "rc_o": null}, "geometry": {"type": "Point", "coordinates": [-73.0317819196213, -41.12461181854279]}}, {"type": "Feature", "properties": {"standId": "alerce", "id": "4168", "dap": 16.3, "ht": 10.2, "rc_n": null, "rc_s": null, "rc_e": null, "rc_o": null}, "geometry": {"type": "Point", "coordinates": [-73.0317501979225, -41.1245858421196]}}, {"type": "Feature", "properties": {"standId": "alerce", "id": "4171", "dap": 25.0, "ht": 16.6, "rc_n": 2.6, "rc_s": 1.6, "rc_e": 2.8, "rc_o": 1.6}, "geometry": {"type": "Point", "coordinates": [-73.0315832509118, -41.12478405595749]}}, {"type": "Feature", "properties": {"standId": "alerce", "id": "4172", "dap": 27.0, "ht": 16.0, "rc_n": 2.2, "rc_s": 2.1, "rc_e": 2.2, "rc_o": 2.0}, "geometry": {"type": "Point", "coordinates": [-73.0316886139025, -41.1245877501489]}}, {"type": "Feature", "properties": {"standId": "alerce", "id": "LIANA", "dap": null, "ht": null, "rc_n": null, "rc_s": null, "rc_e": null, "rc_o": null}, "geometry": {"type": "Point", "coordinates": [-73.0317101856702, -41.124735461406495]}}, {"type": "Feature", "properties": {"standId": "lawson_01", "id": "10001", "dap": 49.0, "ht": 22.0, "rc_n": 3.0, "rc_s": 2.2, "rc_e": 2.2, "rc_o": 2.3}, "geometry": {"type": "Point", "coordinates": [-73.0284773134179, -41.12646920370099]}}, {"type": "Feature", "properties": {"standId": "lawson_01", "id": "10002", "dap": 46.0, "ht": 21.2, "rc_n": 2.3, "rc_s": 3.1, "rc_e": 2.9, "rc_o": 2.5}, "geometry": {"type": "Point", "coordinates": [-73.02852223053232, -41.126484833767094]}}, {"type": "Feature", "properties": {"standId": "lawson_01", "id": "10003", "dap": 36.5, "ht": 24.4, "rc_n": 2.3, "rc_s": 2.7, "rc_e": 2.3, "rc_o": 1.6}, "geometry": {"type": "Point", "coordinates": [-73.0285645179845, -41.1265000700869]}}, {"type": "Feature", "properties": {"standId": "lawson_01", "id": "10003", "dap": 36.5, "ht": 24.4, "rc_n": 2.3, "rc_s": 2.7, "rc_e": 2.3, "rc_o": 1.6}, "geometry": {"type": "Point", "coordinates": [-73.0285885396228, -41.12650474947921]}}, {"type": "Feature", "properties": {"standId": "lawson_01", "id": "10005", "dap": 50.0, "ht": 22.8, "rc_n": 2.1, "rc_s": 3.0, "rc_e": 2.9, "rc_o": 2.1}, "geometry": {"type": "Point", "coordinates": [-73.0286459497045, -41.1265427919261]}}, {"type": "Feature", "properties": {"standId": "lawson_01", "id": "10006", "dap": 41.5, "ht": 20.2, "rc_n": 2.1, "rc_s": 3.2, "rc_e": 1.9, "rc_o": 2.8}, "geometry": {"type": "Point", "coordinates": [-73.02857612579, -41.12654007777459]}}, {"type": "Feature", "properties": {"standId": "lawson_01", "id": "10007", "dap": 35.0, "ht": 21.7, "rc_n": 2.1, "rc_s": 1.4, "rc_e": 0.8, "rc_o": 1.5}, "geometry": {"type": "Point", "coordinates": [-73.0284656228411, -41.12652466911719]}}, {"type": "Feature", "properties": {"standId": "lawson_01", "id": "10008", "dap": 41.0, "ht": 20.7, "rc_n": 2.4, "rc_s": 2.4, "rc_e": 1.2, "rc_o": 2.7}, "geometry": {"type": "Point", "coordinates": [-73.0284137384803, -41.1265283509788]}}, {"type": "Feature", "properties": {"standId": "lawson_01", "id": "10009", "dap": 33.0, "ht": 19.7, "rc_n": 1.7, "rc_s": 2.5, "rc_e": 2.1, "rc_o": 1.9}, "geometry": {"type": "Point", "coordinates": [-73.0284755180322, -41.1265474518195]}}, {"type": "Feature", "properties": {"standId": "lawson_01", "id": "10010", "dap": 32.0, "ht": 21.6, "rc_n": 1.6, "rc_s": 1.9, "rc_e": 1.6, "rc_o": 2.1}, "geometry": {"type": "Point", "coordinates": [-73.0285085432034, -41.126557310979]}}, {"type": "Feature", "properties": {"standId": "lawson_01", "id": "10011", "dap": 34.0, "ht": 19.4, "rc_n": 3.2, "rc_s": 2.2, "rc_e": 2.8, "rc_o": 2.2}, "geometry": {"type": "Point", "coordinates": [-73.02855348579152, -41.12655275613259]}}, {"type": "Feature", "properties": {"standId": "lawson_01", "id": "10012", "dap": 59.0, "ht": 20.5, "rc_n": 2.3, "rc_s": 2.0, "rc_e": 1.8, "rc_o": 2.2}, "geometry": {"type": "Point", "coordinates": [-73.0286852261503, -41.1265889185468]}}, {"type": "Feature", "properties": {"standId": "lawson_01", "id": "10013", "dap": 32.0, "ht": 21.5, "rc_n": 1.8, "rc_s": 1.7, "rc_e": 2.1, "rc_o": 1.1}, "geometry": {"type": "Point", "coordinates": [-73.0286384065351, -41.1265922579036]}}, {"type": "Feature", "properties": {"standId": "lawson_01", "id": "10014", "dap": 28.0, "ht": 20.6, "rc_n": 1.4, "rc_s": 1.9, "rc_e": 1.6, "rc_o": 2.0}, "geometry": {"type": "Point", "coordinates": [-73.0286200671933, -41.12660478188441]}}, {"type": "Feature", "properties": {"standId": "lawson_01", "id": "10015", "dap": 32.5, "ht": 20.5, "rc_n": null, "rc_s": null, "rc_e": null, "rc_o": null}, "geometry": {"type": "Point", "coordinates": [-73.0285946683486, -41.1265987590703]}}, {"type": "Feature", "properties": {"standId": "lawson_01", "id": "10016", "dap": 32.0, "ht": 19.9, "rc_n": 2.1, "rc_s": 1.5, "rc_e": 1.9, "rc_o": 1.3}, "geometry": {"type": "Point", "coordinates": [-73.0285683652363, -41.12659029963069]}}, {"type": "Feature", "properties": {"standId": "lawson_01", "id": "10017", "dap": 29.5, "ht": 18.9, "rc_n": 2.1, "rc_s": 1.4, "rc_e": 0.8, "rc_o": 1.5}, "geometry": {"type": "Point", "coordinates": [-73.0285245136742, -41.12659354110801]}}, {"type": "Feature", "properties": {"standId": "lawson_01", "id": "10018", "dap": 38.0, "ht": 20.8, "rc_n": 1.4, "rc_s": 3.0, "rc_e": 1.7, "rc_o": 1.7}, "geometry": {"type": "Point", "coordinates": [-73.0284942792487, -41.1265888380112]}}, {"type": "Feature", "properties": {"standId": "lawson_01", "id": "10019", "dap": 34.0, "ht": 17.8, "rc_n": 2.2, "rc_s": 2.4, "rc_e": 2.5, "rc_o": 2.3}, "geometry": {"type": "Point", "coordinates": [-73.0284336746627, -41.126573369306904]}}, {"type": "Feature", "properties": {"standId": "lawson_01", "id": "10020", "dap": 38.0, "ht": 19.7, "rc_n": 2.0, "rc_s": 2.5, "rc_e": 1.4, "rc_o": 2.5}, "geometry": {"type": "Point", "coordinates": [-73.0283551518178, -41.12662829017389]}}, {"type": "Feature", "properties": {"standId": "lawson_01", "id": "10021", "dap": 32.0, "ht": 16.8, "rc_n": 3.0, "rc_s": 2.0, "rc_e": 2.4, "rc_o": 1.5}, "geometry": {"type": "Point", "coordinates": [-73.0283979747932, -41.12664829310919]}}, {"type": "Feature", "properties": {"standId": "lawson_01", "id": "10022", "dap": 36.0, "ht": 19.5, "rc_n": 2.5, "rc_s": 1.4, "rc_e": 2.6, "rc_o": 1.8}, "geometry": {"type": "Point", "coordinates": [-73.0284509132999, -41.12666541742329]}}, {"type": "Feature", "properties": {"standId": "lawson_01", "id": "10023", "dap": 31.0, "ht": 18.3, "rc_n": 3.1, "rc_s": 1.5, "rc_e": 2.2, "rc_o": 1.2}, "geometry": {"type": "Point", "coordinates": [-73.0284985631524, -41.126661567130796]}}, {"type": "Feature", "properties": {"standId": "lawson_01", "id": "10024", "dap": 26.5, "ht": 17.7, "rc_n": 1.5, "rc_s": 1.9, "rc_e": 1.3, "rc_o": 1.6}, "geometry": {"type": "Point", "coordinates": [-73.0285246273172, -41.1266680174557]}}, {"type": "Feature", "properties": {"standId": "lawson_01", "id": "10025", "dap": 36.0, "ht": 17.6, "rc_n": 2.7, "rc_s": 2.2, "rc_e": 2.3, "rc_o": 1.7}, "geometry": {"type": "Point", "coordinates": [-73.0284349487853, -41.1266250641054]}}, {"type": "Feature", "properties": {"standId": "lawson_01", "id": "10026", "dap": 39.0, "ht": 21.0, "rc_n": 1.9, "rc_s": 2.2, "rc_e": 2.8, "rc_o": 2.8}, "geometry": {"type": "Point", "coordinates": [-73.0284561117767, -41.1266129521722]}}, {"type": "Feature", "properties": {"standId": "lawson_01", "id": "10027", "dap": 37.0, "ht": 21.1, "rc_n": 1.7, "rc_s": 1.4, "rc_e": 2.6, "rc_o": 1.4}, "geometry": {"type": "Point", "coordinates": [-73.0285363264597, -41.126635183966584]}}, {"type": "Feature", "properties": {"standId": "lawson_01", "id": "10028", "dap": null, "ht": 20.4, "rc_n": 2.1, "rc_s": 1.8, "rc_e": 1.8, "rc_o": 2.1}, "geometry": {"type": "Point", "coordinates": [-73.02855708985642, -41.1266234092431]}}, {"type": "Feature", "properties": {"standId": "lawson_01", "id": "10029", "dap": 28.0, "ht": 19.7, "rc_n": 1.4, "rc_s": 1.2, "rc_e": 1.5, "rc_o": 1.9}, "geometry": {"type": "Point", "coordinates": [-73.0286063552826, -41.1266368243226]}}, {"type": "Feature", "properties": {"standId": "lawson_01", "id": "10030", "dap": 36.0, "ht": 22.0, "rc_n": 2.2, "rc_s": 1.5, "rc_e": 2.7, "rc_o": 1.4}, "geometry": {"type": "Point", "coordinates": [-73.0286733431433, -41.1266368841977]}}, {"type": "Feature", "properties": {"standId": "lawson_01", "id": "10031", "dap": 43.5, "ht": 22.3, "rc_n": 2.2, "rc_s": 2.2, "rc_e": 2.6, "rc_o": 3.5}, "geometry": {"type": "Point", "coordinates": [-73.0286940101196, -41.1266239536629]}}, {"type": "Feature", "properties": {"standId": "lawson_01", "id": "10032", "dap": 40.5, "ht": 22.1, "rc_n": 1.9, "rc_s": 2.0, "rc_e": 1.3, "rc_o": 3.3}, "geometry": {"type": "Point", "coordinates": [-73.0287044378636, -41.12666197216879]}}, {"type": "Feature", "properties": {"standId": "lawson_01", "id": "10033", "dap": 41.0, "ht": 21.1, "rc_n": 1.8, "rc_s": 1.9, "rc_e": 1.7, "rc_o": 1.1}, "geometry": {"type": "Point", "coordinates": [-73.0286853160752, -41.1266754452665]}}, {"type": "Feature", "properties": {"standId": "lawson_01", "id": "10034", "dap": 31.0, "ht": 21.7, "rc_n": 1.5, "rc_s": 1.7, "rc_e": 2.3, "rc_o": 1.1}, "geometry": {"type": "Point", "coordinates": [-73.0286596665578, -41.126670584800884]}}, {"type": "Feature", "properties": {"standId": "lawson_01", "id": "10035", "dap": 27.0, "ht": 19.8, "rc_n": 1.0, "rc_s": 2.0, "rc_e": 1.7, "rc_o": 2.1}, "geometry": {"type": "Point", "coordinates": [-73.0285909102213, -41.1266681673668]}}, {"type": "Feature", "properties": {"standId": "lawson_01", "id": "10036", "dap": 41.0, "ht": 21.5, "rc_n": 2.0, "rc_s": 1.6, "rc_e": 1.6, "rc_o": 2.8}, "geometry": {"type": "Point", "coordinates": [-73.028588044062, -41.12665068588019]}}, {"type": "Feature", "properties": {"standId": "lawson_01", "id": "10037", "dap": 23.0, "ht": 18.0, "rc_n": 1.3, "rc_s": 1.8, "rc_e": 1.4, "rc_o": 1.5}, "geometry": {"type": "Point", "coordinates": [-73.02854249257672, -41.1266557560287]}}, {"type": "Feature", "properties": {"standId": "lawson_01", "id": "10038", "dap": 40.0, "ht": 17.2, "rc_n": 2.5, "rc_s": 2.7, "rc_e": 1.5, "rc_o": 2.1}, "geometry": {"type": "Point", "coordinates": [-73.0283477780166, -41.12667345358369]}}, {"type": "Feature", "properties": {"standId": "lawson_01", "id": "10039", "dap": 37.0, "ht": 20.8, "rc_n": 1.8, "rc_s": 2.3, "rc_e": 2.6, "rc_o": 1.6}, "geometry": {"type": "Point", "coordinates": [-73.0283873365982, -41.1266807456448]}}, {"type": "Feature", "properties": {"standId": "lawson_01", "id": "10040", "dap": 39.0, "ht": 19.2, "rc_n": 1.8, "rc_s": 2.5, "rc_e": 1.6, "rc_o": 2.1}, "geometry": {"type": "Point", "coordinates": [-73.0284124488229, -41.12668906984101]}}, {"type": "Feature", "properties": {"standId": "lawson_01", "id": "10041", "dap": 35.5, "ht": 19.5, "rc_n": 2.6, "rc_s": 1.9, "rc_e": 2.5, "rc_o": 1.7}, "geometry": {"type": "Point", "coordinates": [-73.0284317281293, -41.126675943409595]}}, {"type": "Feature", "properties": {"standId": "lawson_01", "id": "10042", "dap": 40.0, "ht": 16.4, "rc_n": 1.3, "rc_s": 3.3, "rc_e": 2.0, "rc_o": 2.3}, "geometry": {"type": "Point", "coordinates": [-73.0284661600709, -41.1267069120375]}}, {"type": "Feature", "properties": {"standId": "lawson_01", "id": "10043", "dap": 36.0, "ht": 18.7, "rc_n": 1.9, "rc_s": 1.6, "rc_e": 2.4, "rc_o": 1.8}, "geometry": {"type": "Point", "coordinates": [-73.0284823982624, -41.1266942471504]}}, {"type": "Feature", "properties": {"standId": "lawson_01", "id": "10044", "dap": 38.0, "ht": 19.3, "rc_n": 1.5, "rc_s": 2.8, "rc_e": 1.9, "rc_o": 1.6}, "geometry": {"type": "Point", "coordinates": [-73.0285130817527, -41.1267209430654]}}, {"type": "Feature", "properties": {"standId": "lawson_01", "id": "10045", "dap": 30.5, "ht": 18.2, "rc_n": 1.8, "rc_s": 0.9, "rc_e": 1.7, "rc_o": 1.3}, "geometry": {"type": "Point", "coordinates": [-73.0285339383481, -41.12670719929461]}}, {"type": "Feature", "properties": {"standId": "lawson_01", "id": "10046", "dap": 29.0, "ht": 21.7, "rc_n": 2.4, "rc_s": 0.9, "rc_e": 1.9, "rc_o": 0.8}, "geometry": {"type": "Point", "coordinates": [-73.0285516730095, -41.1266950013165]}}, {"type": "Feature", "properties": {"standId": "lawson_01", "id": "10047", "dap": 27.0, "ht": 18.8, "rc_n": 1.6, "rc_s": 1.3, "rc_e": 1.1, "rc_o": 1.1}, "geometry": {"type": "Point", "coordinates": [-73.0285783941676, -41.126700864577806]}}, {"type": "Feature", "properties": {"standId": "lawson_01", "id": "10048", "dap": 33.0, "ht": 20.2, "rc_n": 1.1, "rc_s": 1.2, "rc_e": 0.8, "rc_o": 1.1}, "geometry": {"type": "Point", "coordinates": [-73.0286021996101, -41.12670792344569]}}, {"type": "Feature", "properties": {"standId": "lawson_01", "id": "10049", "dap": 32.7, "ht": 21.9, "rc_n": 1.9, "rc_s": 1.1, "rc_e": 1.5, "rc_o": 1.1}, "geometry": {"type": "Point", "coordinates": [-73.0286217832512, -41.1266940481778]}}, {"type": "Feature", "properties": {"standId": "lawson_01", "id": "10050", "dap": 33.0, "ht": 20.7, "rc_n": 1.3, "rc_s": 1.3, "rc_e": 1.1, "rc_o": 1.2}, "geometry": {"type": "Point", "coordinates": [-73.0286443230191, -41.1267003803856]}}, {"type": "Feature", "properties": {"standId": "lawson_01", "id": "10051", "dap": 33.9, "ht": 20.9, "rc_n": 1.3, "rc_s": 1.4, "rc_e": 1.3, "rc_o": 1.5}, "geometry": {"type": "Point", "coordinates": [-73.0286716588579, -41.126707164234894]}}, {"type": "Feature", "properties": {"standId": "lawson_01", "id": "10052", "dap": 40.5, "ht": 20.5, "rc_n": 1.7, "rc_s": 1.6, "rc_e": 1.7, "rc_o": 3.1}, "geometry": {"type": "Point", "coordinates": [-73.0287152029389, -41.126701727839595]}}, {"type": "Feature", "properties": {"standId": "lawson_01", "id": "10053", "dap": 52.2, "ht": 22.0, "rc_n": 2.9, "rc_s": 2.2, "rc_e": 1.3, "rc_o": 4.8}, "geometry": {"type": "Point", "coordinates": [-73.0287245005386, -41.126738719471604]}}, {"type": "Feature", "properties": {"standId": "lawson_01", "id": "10054", "dap": 38.7, "ht": 22.0, "rc_n": 2.2, "rc_s": 1.4, "rc_e": 1.9, "rc_o": 1.2}, "geometry": {"type": "Point", "coordinates": [-73.0286986457977, -41.126732162272695]}}, {"type": "Feature", "properties": {"standId": "lawson_01", "id": "10055", "dap": 34.3, "ht": 19.7, "rc_n": 1.9, "rc_s": 2.0, "rc_e": 1.4, "rc_o": 1.7}, "geometry": {"type": "Point", "coordinates": [-73.0286794821638, -41.126744268229295]}}, {"type": "Feature", "properties": {"standId": "lawson_01", "id": "10056", "dap": 31.3, "ht": 22.9, "rc_n": 1.4, "rc_s": 1.5, "rc_e": 1.2, "rc_o": 0.6}, "geometry": {"type": "Point", "coordinates": [-73.0286575238965, -41.1267376087663]}}, {"type": "Feature", "properties": {"standId": "lawson_01", "id": "10057", "dap": 29.8, "ht": 22.2, "rc_n": 1.2, "rc_s": 1.8, "rc_e": 1.2, "rc_o": 0.8}, "geometry": {"type": "Point", "coordinates": [-73.028633783609, -41.1267322324338]}}, {"type": "Feature", "properties": {"standId": "lawson_01", "id": "10058", "dap": 30.7, "ht": 20.2, "rc_n": 1.1, "rc_s": 1.4, "rc_e": 1.3, "rc_o": 1.3}, "geometry": {"type": "Point", "coordinates": [-73.0286094530819, -41.126725644290794]}}, {"type": "Feature", "properties": {"standId": "lawson_01", "id": "10059", "dap": 36.7, "ht": 22.4, "rc_n": 2.1, "rc_s": 1.4, "rc_e": 2.4, "rc_o": 1.5}, "geometry": {"type": "Point", "coordinates": [-73.0285649806457, -41.1267321993733]}}, {"type": "Feature", "properties": {"standId": "lawson_01", "id": "10060", "dap": 48.4, "ht": 19.6, "rc_n": 1.0, "rc_s": 3.1, "rc_e": 2.5, "rc_o": 2.4}, "geometry": {"type": "Point", "coordinates": [-73.0285444019953, -41.12674638722199]}}, {"type": "Feature", "properties": {"standId": "lawson_01", "id": "10061", "dap": 42.2, "ht": 20.1, "rc_n": 1.6, "rc_s": 3.2, "rc_e": 1.8, "rc_o": 2.2}, "geometry": {"type": "Point", "coordinates": [-73.0285959896318, -41.1267574507905]}}, {"type": "Feature", "properties": {"standId": "lawson_01", "id": "10062", "dap": 44.0, "ht": 20.3, "rc_n": 1.6, "rc_s": 4.5, "rc_e": 2.1, "rc_o": 2.2}, "geometry": {"type": "Point", "coordinates": [-73.0286408571348, -41.12676977541089]}}, {"type": "Feature", "properties": {"standId": "lawson_01", "id": "10063", "dap": 44.0, "ht": 19.9, "rc_n": 1.6, "rc_s": 3.6, "rc_e": 2.4, "rc_o": 2.1}, "geometry": {"type": "Point", "coordinates": [-73.02869035295831, -41.1267820893137]}}, {"type": "Feature", "properties": {"standId": "lawson_01", "id": "10064", "dap": 33.8, "ht": 20.8, "rc_n": 1.8, "rc_s": 1.9, "rc_e": 1.9, "rc_o": 2.4}, "geometry": {"type": "Point", "coordinates": [-73.0287139424435, -41.12677178436719]}}, {"type": "Feature", "properties": {"standId": "lawson_01", "id": "10065", "dap": 45.5, "ht": 19.4, "rc_n": 2.8, "rc_s": 2.7, "rc_e": 1.7, "rc_o": 3.3}, "geometry": {"type": "Point", "coordinates": [-73.0287430686673, -41.126794260210396]}}, {"type": "Feature", "properties": {"standId": "oregon_01", "id": "6001", "dap": 35.5, "ht": 22.5, "rc_n": 5.7, "rc_s": 6.4, "rc_e": 5.2, "rc_o": 5.8}, "geometry": {"type": "Point", "coordinates": [-73.0261424762189, -41.1260012919777]}}, {"type": "Feature", "properties": {"standId": "oregon_01", "id": "6002", "dap": 54.0, "ht": 24.6, "rc_n": 6.2, "rc_s": 4.8, "rc_e": 4.0, "rc_o": 6.4}, "geometry": {"type": "Point", "coordinates": [-73.0261188150246, -41.1260140464823]}}, {"type": "Feature", "properties": {"standId": "oregon_01", "id": "6003", "dap": 56.5, "ht": 25.4, "rc_n": 4.1, "rc_s": 6.6, "rc_e": 4.2, "rc_o": 4.3}, "geometry": {"type": "Point", "coordinates": [-73.0261018302588, -41.1260593273667]}}, {"type": "Feature", "properties": {"standId": "oregon_01", "id": "6004", "dap": 54.0, "ht": 27.8, "rc_n": 4.5, "rc_s": 11.0, "rc_e": 6.0, "rc_o": 5.9}, "geometry": {"type": "Point", "coordinates": [-73.0260588807145, -41.12608593332649]}}, {"type": "Feature", "properties": {"standId": "oregon_01", "id": "6005", "dap": 49.5, "ht": 23.5, "rc_n": 3.9, "rc_s": 8.5, "rc_e": 5.7, "rc_o": 8.0}, "geometry": {"type": "Point", "coordinates": [-73.0260198987442, -41.126143269704]}}, {"type": "Feature", "properties": {"standId": "oregon_01", "id": "6006", "dap": 18.0, "ht": 19.0, "rc_n": 2.4, "rc_s": 3.5, "rc_e": 3.0, "rc_o": 3.4}, "geometry": {"type": "Point", "coordinates": [-73.0259793319383, -41.12617094990069]}}, {"type": "Feature", "properties": {"standId": "oregon_01", "id": "6007", "dap": 48.0, "ht": 25.2, "rc_n": 4.9, "rc_s": 6.8, "rc_e": 4.7, "rc_o": 8.7}, "geometry": {"type": "Point", "coordinates": [-73.0259381621152, -41.126201247061296]}}, {"type": "Feature", "properties": {"standId": "oregon_01", "id": "6008", "dap": 49.0, "ht": 23.6, "rc_n": 7.8, "rc_s": 5.0, "rc_e": 6.2, "rc_o": 7.3}, "geometry": {"type": "Point", "coordinates": [-73.0258563951979, -41.1261988944721]}}, {"type": "Feature", "properties": {"standId": "oregon_01", "id": "6009", "dap": 28.0, "ht": 22.0, "rc_n": 3.5, "rc_s": 3.8, "rc_e": 3.8, "rc_o": 3.5}, "geometry": {"type": "Point", "coordinates": [-73.0258970108913, -41.12617271452179]}}, {"type": "Feature", "properties": {"standId": "oregon_01", "id": "6010", "dap": 46.0, "ht": 20.1, "rc_n": 4.3, "rc_s": 5.3, "rc_e": 6.1, "rc_o": 6.7}, "geometry": {"type": "Point", "coordinates": [-73.0259378042091, -41.1261435319565]}}, {"type": "Feature", "properties": {"standId": "oregon_01", "id": "6011", "dap": 37.5, "ht": 25.0, "rc_n": 4.6, "rc_s": 7.9, "rc_e": 6.1, "rc_o": 7.6}, "geometry": {"type": "Point", "coordinates": [-73.0259801488665, -41.12611455979479]}}, {"type": "Feature", "properties": {"standId": "oregon_01", "id": "6012", "dap": 34.0, "ht": 24.0, "rc_n": 4.5, "rc_s": 6.5, "rc_e": 4.2, "rc_o": 4.3}, "geometry": {"type": "Point", "coordinates": [-73.0260178407481, -41.12608668622689]}}, {"type": "Feature", "properties": {"standId": "oregon_01", "id": "6013", "dap": 11.0, "ht": 9.1, "rc_n": null, "rc_s": null, "rc_e": null, "rc_o": null}, "geometry": {"type": "Point", "coordinates": [-73.0260372397481, -41.126043252456405]}}, {"type": "Feature", "properties": {"standId": "oregon_01", "id": "6015", "dap": 60.5, "ht": 27.2, "rc_n": 6.8, "rc_s": 5.4, "rc_e": 7.4, "rc_o": 9.9}, "geometry": {"type": "Point", "coordinates": [-73.02607902174901, -41.1259860378912]}}, {"type": "Feature", "properties": {"standId": "oregon_01", "id": "6016", "dap": 55.0, "ht": 26.4, "rc_n": 7.7, "rc_s": 8.0, "rc_e": 9.0, "rc_o": 8.6}, "geometry": {"type": "Point", "coordinates": [-73.0260389488149, -41.12593107651921]}}, {"type": "Feature", "properties": {"standId": "oregon_01", "id": "6017", "dap": 65.5, "ht": 24.3, "rc_n": 7.9, "rc_s": 7.5, "rc_e": 8.8, "rc_o": 9.6}, "geometry": {"type": "Point", "coordinates": [-73.0260374534297, -41.12590218383811]}}, {"type": "Feature", "properties": {"standId": "oregon_01", "id": "6018", "dap": 20.0, "ht": 18.7, "rc_n": 2.3, "rc_s": 2.2, "rc_e": 1.8, "rc_o": 3.0}, "geometry": {"type": "Point", "coordinates": [-73.0260798666087, -41.125932688885996]}}, {"type": "Feature", "properties": {"standId": "oregon_01", "id": "6019", "dap": 53.5, "ht": 28.5, "rc_n": 6.6, "rc_s": 5.7, "rc_e": 8.3, "rc_o": 5.3}, "geometry": {"type": "Point", "coordinates": [-73.0259572225574, -41.1259889941862]}}, {"type": "Feature", "properties": {"standId": "oregon_01", "id": "6020", "dap": 26.4, "ht": 24.2, "rc_n": 2.9, "rc_s": 2.9, "rc_e": 2.6, "rc_o": 2.7}, "geometry": {"type": "Point", "coordinates": [-73.0259566209837, -41.1260166641854]}}, {"type": "Feature", "properties": {"standId": "oregon_01", "id": "6021", "dap": 70.0, "ht": 26.3, "rc_n": 5.5, "rc_s": 4.3, "rc_e": 4.2, "rc_o": 4.6}, "geometry": {"type": "Point", "coordinates": [-73.0259970075607, -41.126044857072685]}}, {"type": "Feature", "properties": {"standId": "oregon_01", "id": "6022 (muerto y caído)", "dap": null, "ht": null, "rc_n": null, "rc_s": null, "rc_e": null, "rc_o": null}, "geometry": {"type": "Point", "coordinates": [-73.0259356211081, -41.1260027161815]}}, {"type": "Feature", "properties": {"standId": "oregon_01", "id": "6023", "dap": 12.0, "ht": 10.7, "rc_n": null, "rc_s": null, "rc_e": null, "rc_o": null}, "geometry": {"type": "Point", "coordinates": [-73.0259184334046, -41.12601492809198]}}, {"type": "Feature", "properties": {"standId": "oregon_01", "id": "6024", "dap": 33.5, "ht": 21.9, "rc_n": 5.1, "rc_s": 4.4, "rc_e": 5.4, "rc_o": 1.6}, "geometry": {"type": "Point", "coordinates": [-73.0258957990285, -41.1260029496986]}}, {"type": "Feature", "properties": {"standId": "oregon_01", "id": "6025", "dap": 20.0, "ht": 23.4, "rc_n": 2.7, "rc_s": 2.5, "rc_e": 3.5, "rc_o": 1.9}, "geometry": {"type": "Point", "coordinates": [-73.0258777609694, -41.1260173115825]}}, {"type": "Feature", "properties": {"standId": "oregon_01", "id": "6026", "dap": 7.6, "ht": 9.3, "rc_n": null, "rc_s": null, "rc_e": null, "rc_o": null}, "geometry": {"type": "Point", "coordinates": [-73.0258970398873, -41.12605911895461]}}, {"type": "Feature", "properties": {"standId": "oregon_01", "id": "6027", "dap": 43.0, "ht": 23.6, "rc_n": 4.8, "rc_s": 4.9, "rc_e": 5.2, "rc_o": 4.6}, "geometry": {"type": "Point", "coordinates": [-73.0259182176245, -41.126043730097294]}}, {"type": "Feature", "properties": {"standId": "oregon_01", "id": "6028", "dap": 49.5, "ht": 21.5, "rc_n": 5.2, "rc_s": 4.4, "rc_e": 6.4, "rc_o": 4.4}, "geometry": {"type": "Point", "coordinates": [-73.02583596152411, -41.126044972444596]}}, {"type": "Feature", "properties": {"standId": "oregon_01", "id": "6029", "dap": 11.0, "ht": 11.4, "rc_n": 2.1, "rc_s": 1.0, "rc_e": 1.5, "rc_o": 0.7}, "geometry": {"type": "Point", "coordinates": [-73.0257954921394, -41.1260751010246]}}, {"type": "Feature", "properties": {"standId": "oregon_01", "id": "6030", "dap": 53.0, "ht": 22.3, "rc_n": 8.1, "rc_s": 3.0, "rc_e": 5.6, "rc_o": 4.1}, "geometry": {"type": "Point", "coordinates": [-73.0257535781679, -41.126102166870496]}}, {"type": "Feature", "properties": {"standId": "oregon_01", "id": "6031", "dap": 49.5, "ht": 23.4, "rc_n": 5.2, "rc_s": 4.6, "rc_e": 4.5, "rc_o": 4.1}, "geometry": {"type": "Point", "coordinates": [-73.0257759492561, -41.1261154516647]}}, {"type": "Feature", "properties": {"standId": "oregon_01", "id": "6032", "dap": 5.3, "ht": 5.3, "rc_n": null, "rc_s": null, "rc_e": null, "rc_o": null}, "geometry": {"type": "Point", "coordinates": [-73.0258171794049, -41.12608661506329]}}, {"type": "Feature", "properties": {"standId": "oregon_01", "id": "6033", "dap": 14.0, "ht": 11.5, "rc_n": null, "rc_s": null, "rc_e": null, "rc_o": null}, "geometry": {"type": "Point", "coordinates": [-73.0258364875757, -41.126102257700396]}}, {"type": "Feature", "properties": {"standId": "oregon_01", "id": "6034", "dap": 44.2, "ht": 27.1, "rc_n": 4.7, "rc_s": 3.7, "rc_e": 4.7, "rc_o": 3.8}, "geometry": {"type": "Point", "coordinates": [-73.0258577123951, -41.126086915263]}}, {"type": "Feature", "properties": {"standId": "oregon_01", "id": "6035", "dap": 41.5, "ht": 24.7, "rc_n": 4.5, "rc_s": 4.6, "rc_e": 4.2, "rc_o": 5.3}, "geometry": {"type": "Point", "coordinates": [-73.0258181299768, -41.12614368961751]}}, {"type": "Feature", "properties": {"standId": "oregon_01", "id": "6036", "dap": 37.5, "ht": 22.2, "rc_n": 3.9, "rc_s": 3.7, "rc_e": 4.3, "rc_o": 2.9}, "geometry": {"type": "Point", "coordinates": [-73.0258174910812, -41.1261733693826]}}, {"type": "Feature", "properties": {"standId": "oregon_01", "id": "6037", "dap": 13.5, "ht": 13.1, "rc_n": 2.6, "rc_s": 1.6, "rc_e": 1.9, "rc_o": 2.1}, "geometry": {"type": "Point", "coordinates": [-73.0258582192096, -41.126172667437295]}}, {"type": "Feature", "properties": {"standId": "oregon_01", "id": "6038", "dap": 38.5, "ht": 26.4, "rc_n": 3.7, "rc_s": 6.2, "rc_e": 4.5, "rc_o": 4.1}, "geometry": {"type": "Point", "coordinates": [-73.0258780582977, -41.126101419572706]}}, {"type": "Feature", "properties": {"standId": "oregon_01", "id": "6039", "dap": 33.5, "ht": 23.4, "rc_n": 4.3, "rc_s": 3.9, "rc_e": 3.2, "rc_o": 2.8}, "geometry": {"type": "Point", "coordinates": [-73.0259170084058, -41.12610181942909]}}, {"type": "Feature", "properties": {"standId": "oregon_01", "id": "6040", "dap": 48.0, "ht": 25.1, "rc_n": 3.7, "rc_s": 4.1, "rc_e": 3.9, "rc_o": 4.9}, "geometry": {"type": "Point", "coordinates": [-73.0260589817765, -41.12603000640381]}}, {"type": "Feature", "properties": {"standId": "oregon_01", "id": "6040", "dap": 48.0, "ht": 25.1, "rc_n": 3.7, "rc_s": 4.1, "rc_e": 3.9, "rc_o": 4.9}, "geometry": {"type": "Point", "coordinates": [-73.0259580927834, -41.1260990106284]}}, {"type": "Feature", "properties": {"standId": "roble", "id": "1001", "dap": 60.0, "ht": 31.7, "rc_n": 11.5, "rc_s": 0.0, "rc_e": 0.0, "rc_o": 0.0}, "geometry": {"type": "Point", "coordinates": [-73.0302248816288, -41.1249921852845]}}, {"type": "Feature", "properties": {"standId": "roble", "id": "1002", "dap": 53.5, "ht": 32.8, "rc_n": 5.3, "rc_s": 6.0, "rc_e": 9.3, "rc_o": 5.9}, "geometry": {"type": "Point", "coordinates": [-73.0302493649652, -41.1250112119708]}}, {"type": "Feature", "properties": {"standId": "roble", "id": "1003", "dap": 37.0, "ht": 19.9, "rc_n": 4.5, "rc_s": 2.0, "rc_e": 6.6, "rc_o": 0.0}, "geometry": {"type": "Point", "coordinates": [-73.0302621284607, -41.1250385408282]}}, {"type": "Feature", "properties": {"standId": "roble", "id": "1004", "dap": 37.4, "ht": 25.9, "rc_n": 5.4, "rc_s": 8.6, "rc_e": 1.8, "rc_o": 1.5}, "geometry": {"type": "Point", "coordinates": [-73.0302833247349, -41.12503095115609]}}, {"type": "Feature", "properties": {"standId": "roble", "id": "1005", "dap": 57.0, "ht": 29.9, "rc_n": 9.9, "rc_s": 0.0, "rc_e": 9.3, "rc_o": 0.0}, "geometry": {"type": "Point", "coordinates": [-73.0303443119979, -41.125147629767994]}}, {"type": "Feature", "properties": {"standId": "roble", "id": "1007", "dap": 41.3, "ht": 17.0, "rc_n": 0.0, "rc_s": 10.1, "rc_e": 7.0, "rc_o": 0.0}, "geometry": {"type": "Point", "coordinates": [-73.0304486901728, -41.1252114732584]}}, {"type": "Feature", "properties": {"standId": "roble", "id": "1008", "dap": 52.3, "ht": 31.1, "rc_n": 7.6, "rc_s": 7.8, "rc_e": 6.8, "rc_o": 3.7}, "geometry": {"type": "Point", "coordinates": [-73.0304693373947, -41.1252079127226]}}, {"type": "Feature", "properties": {"standId": "roble", "id": "1009", "dap": 37.2, "ht": 32.9, "rc_n": 4.7, "rc_s": 7.8, "rc_e": 3.1, "rc_o": 0.0}, "geometry": {"type": "Point", "coordinates": [-73.0304251195033, -41.125180587786]}}, {"type": "Feature", "properties": {"standId": "roble", "id": "1010", "dap": 22.2, "ht": 25.0, "rc_n": 0.0, "rc_s": 2.9, "rc_e": 0.0, "rc_o": 2.4}, "geometry": {"type": "Point", "coordinates": [-73.0304570545329, -41.1251490503579]}}, {"type": "Feature", "properties": {"standId": "roble", "id": "1011", "dap": 38.8, "ht": 29.2, "rc_n": 5.2, "rc_s": 4.7, "rc_e": 1.6, "rc_o": 4.8}, "geometry": {"type": "Point", "coordinates": [-73.0304216126452, -41.1251014610513]}}, {"type": "Feature", "properties": {"standId": "roble", "id": "1012", "dap": 43.3, "ht": 31.2, "rc_n": 5.4, "rc_s": 5.0, "rc_e": 7.3, "rc_o": 3.0}, "geometry": {"type": "Point", "coordinates": [-73.0303837034716, -41.125093643754006]}}, {"type": "Feature", "properties": {"standId": "roble", "id": "1013", "dap": 37.3, "ht": 36.4, "rc_n": 6.6, "rc_s": 2.1, "rc_e": 6.5, "rc_o": 6.9}, "geometry": {"type": "Point", "coordinates": [-73.0304308193354, -41.12507985985151]}}, {"type": "Feature", "properties": {"standId": "roble", "id": "1014", "dap": 49.4, "ht": 35.1, "rc_n": 5.5, "rc_s": 6.9, "rc_e": 6.4, "rc_o": 4.3}, "geometry": {"type": "Point", "coordinates": [-73.0303284170383, -41.1250544392079]}}, {"type": "Feature", "properties": {"standId": "roble", "id": "1015", "dap": 38.0, "ht": 32.9, "rc_n": 5.3, "rc_s": 4.2, "rc_e": 4.9, "rc_o": 5.1}, "geometry": {"type": "Point", "coordinates": [-73.0302936748555, -41.12500744927571]}}, {"type": "Feature", "properties": {"standId": "roble", "id": "1016", "dap": 53.0, "ht": 25.1, "rc_n": 9.1, "rc_s": 0.0, "rc_e": 6.0, "rc_o": 0.0}, "geometry": {"type": "Point", "coordinates": [-73.0302589568595, -41.12497480428699]}}, {"type": "Feature", "properties": {"standId": "roble", "id": "1017", "dap": 60.2, "ht": 34.1, "rc_n": 12.9, "rc_s": 4.2, "rc_e": 9.4, "rc_o": 3.4}, "geometry": {"type": "Point", "coordinates": [-73.0303350732412, -41.1249537547005]}}, {"type": "Feature", "properties": {"standId": "roble", "id": "1018", "dap": 44.0, "ht": 35.6, "rc_n": 8.0, "rc_s": 5.8, "rc_e": 3.4, "rc_o": 7.6}, "geometry": {"type": "Point", "coordinates": [-73.0303711420637, -41.124962958627606]}}, {"type": "Feature", "properties": {"standId": "roble", "id": "1019", "dap": 38.2, "ht": 35.5, "rc_n": 5.8, "rc_s": 5.7, "rc_e": 4.3, "rc_o": 7.4}, "geometry": {"type": "Point", "coordinates": [-73.0303932118623, -41.1249930890395]}}, {"type": "Feature", "properties": {"standId": "roble", "id": "1020", "dap": 45.7, "ht": 28.3, "rc_n": 5.4, "rc_s": 3.5, "rc_e": 5.8, "rc_o": 3.7}, "geometry": {"type": "Point", "coordinates": [-73.0303834005746, -41.1250171795196]}}, {"type": "Feature", "properties": {"standId": "roble", "id": "1021", "dap": 22.0, "ht": 27.9, "rc_n": 9.0, "rc_s": 2.6, "rc_e": 3.0, "rc_o": 2.3}, "geometry": {"type": "Point", "coordinates": [-73.0303735971627, -41.12503883796839]}}, {"type": "Feature", "properties": {"standId": "roble", "id": "1022", "dap": 32.8, "ht": 29.1, "rc_n": 5.3, "rc_s": 2.8, "rc_e": 5.0, "rc_o": 3.6}, "geometry": {"type": "Point", "coordinates": [-73.0304713145374, -41.124987459350606]}}, {"type": "Feature", "properties": {"standId": "roble", "id": "1023", "dap": 20.3, "ht": 26.6, "rc_n": 3.8, "rc_s": 3.1, "rc_e": 4.1, "rc_o": 3.5}, "geometry": {"type": "Point", "coordinates": [-73.0304624834824, -41.125011091746295]}}, {"type": "Feature", "properties": {"standId": "roble", "id": "1024", "dap": 37.7, "ht": 30.5, "rc_n": 4.3, "rc_s": 3.0, "rc_e": 5.9, "rc_o": 3.0}, "geometry": {"type": "Point", "coordinates": [-73.03048569356952, -41.125041641886206]}}, {"type": "Feature", "properties": {"standId": "roble", "id": "1025", "dap": 45.0, "ht": 34.5, "rc_n": 5.0, "rc_s": 3.9, "rc_e": 3.8, "rc_o": 6.7}, "geometry": {"type": "Point", "coordinates": [-73.0304889676436, -41.12511950587369]}}, {"type": "Feature", "properties": {"standId": "roble", "id": "1026", "dap": 66.0, "ht": 35.8, "rc_n": 4.9, "rc_s": 9.1, "rc_e": 5.5, "rc_o": 6.7}, "geometry": {"type": "Point", "coordinates": [-73.0305317631042, -41.125206395170395]}}, {"type": "Feature", "properties": {"standId": "roble", "id": "1027", "dap": 57.7, "ht": 22.4, "rc_n": 0.0, "rc_s": 8.0, "rc_e": 0.0, "rc_o": 6.0}, "geometry": {"type": "Point", "coordinates": [-73.03057647883651, -41.12522530940189]}}, {"type": "Feature", "properties": {"standId": "roble", "id": "1028", "dap": 38.0, "ht": 28.1, "rc_n": 2.6, "rc_s": 4.0, "rc_e": 2.8, "rc_o": 5.0}, "geometry": {"type": "Point", "coordinates": [-73.0306122058595, -41.125220867407705]}}, {"type": "Feature", "properties": {"standId": "roble", "id": "1029", "dap": 38.7, "ht": 23.8, "rc_n": 3.0, "rc_s": 2.1, "rc_e": 0.0, "rc_o": 7.1}, "geometry": {"type": "Point", "coordinates": [-73.0306076208629, -41.12517834596691]}}, {"type": "Feature", "properties": {"standId": "roble", "id": "1030", "dap": 48.0, "ht": 33.8, "rc_n": 8.0, "rc_s": 4.9, "rc_e": 4.3, "rc_o": 5.0}, "geometry": {"type": "Point", "coordinates": [-73.0306044140478, -41.1251607100848]}}, {"type": "Feature", "properties": {"standId": "roble", "id": "1031", "dap": 40.0, "ht": 34.0, "rc_n": 6.7, "rc_s": 3.6, "rc_e": 3.7, "rc_o": 5.9}, "geometry": {"type": "Point", "coordinates": [-73.0305184442941, -41.1250120745146]}}, {"type": "Feature", "properties": {"standId": "roble", "id": "1032", "dap": 43.0, "ht": 30.5, "rc_n": 6.4, "rc_s": 3.0, "rc_e": 6.0, "rc_o": 4.7}, "geometry": {"type": "Point", "coordinates": [-73.0305129700181, -41.124973163655994]}}, {"type": "Feature", "properties": {"standId": "roble", "id": "1033", "dap": 54.0, "ht": 29.0, "rc_n": 9.5, "rc_s": 2.0, "rc_e": 4.0, "rc_o": 5.2}, "geometry": {"type": "Point", "coordinates": [-73.0305705090557, -41.12497368588188]}}, {"type": "Feature", "properties": {"standId": "roble", "id": "1034", "dap": 43.0, "ht": 31.1, "rc_n": 8.8, "rc_s": 3.4, "rc_e": 4.1, "rc_o": 6.4}, "geometry": {"type": "Point", "coordinates": [-73.0306048036023, -41.1249827582101]}}, {"type": "Feature", "properties": {"standId": "roble", "id": "1035", "dap": 52.5, "ht": 35.5, "rc_n": 5.3, "rc_s": 3.3, "rc_e": 8.8, "rc_o": 4.5}, "geometry": {"type": "Point", "coordinates": [-73.0306187064498, -41.125037173536]}}, {"type": "Feature", "properties": {"standId": "roble", "id": "1036", "dap": 38.5, "ht": 36.1, "rc_n": 4.6, "rc_s": 3.0, "rc_e": 4.7, "rc_o": 3.9}, "geometry": {"type": "Point", "coordinates": [-73.0306010654415, -41.12508308286078]}}, {"type": "Feature", "properties": {"standId": "roble", "id": "1037", "dap": 48.7, "ht": 31.2, "rc_n": 4.5, "rc_s": 5.1, "rc_e": 6.0, "rc_o": 6.3}, "geometry": {"type": "Point", "coordinates": [-73.0303802982995, -41.125155077662]}}, {"type": "Feature", "properties": {"standId": "roble", "id": "1037", "dap": 48.7, "ht": 31.2, "rc_n": 4.5, "rc_s": 5.1, "rc_e": 6.0, "rc_o": 6.3}, "geometry": {"type": "Point", "coordinates": [-73.0303688200759, -41.125180527066696]}}, {"type": "Feature", "properties": {"standId": "roble", "id": "1039", "dap": 32.5, "ht": 33.9, "rc_n": 3.0, "rc_s": 3.3, "rc_e": 1.7, "rc_o": 4.6}, "geometry": {"type": "Point", "coordinates": [-73.0306590271874, -41.125017524487895]}}, {"type": "Feature", "properties": {"standId": "roble", "id": "1040", "dap": 38.4, "ht": 30.6, "rc_n": 10.1, "rc_s": 0.0, "rc_e": 4.5, "rc_o": 2.1}, "geometry": {"type": "Point", "coordinates": [-73.0306712980349, -41.1249983894598]}}, {"type": "Feature", "properties": {"standId": "roble", "id": "1041", "dap": 51.7, "ht": 35.7, "rc_n": 5.0, "rc_s": 4.8, "rc_e": 7.4, "rc_o": 4.5}, "geometry": {"type": "Point", "coordinates": [-73.0306554894553, -41.1251227688579]}}, {"type": "Feature", "properties": {"standId": "roble", "id": "1042", "dap": 33.5, "ht": 34.4, "rc_n": 3.1, "rc_s": 4.7, "rc_e": 0.0, "rc_o": 4.0}, "geometry": {"type": "Point", "coordinates": [-73.0306415798381, -41.125162522649894]}}, {"type": "Feature", "properties": {"standId": "roble", "id": "1044", "dap": 32.8, "ht": 30.3, "rc_n": 3.4, "rc_s": 4.7, "rc_e": 5.4, "rc_o": 6.0}, "geometry": {"type": "Point", "coordinates": [-73.0307006922511, -41.1251084656481]}}, {"type": "Feature", "properties": {"standId": "roble", "id": "1045", "dap": 52.5, "ht": 35.9, "rc_n": 9.5, "rc_s": 5.4, "rc_e": 4.4, "rc_o": 4.6}, "geometry": {"type": "Point", "coordinates": [-73.0307281374195, -41.1250001713636]}}, {"type": "Feature", "properties": {"standId": "roble", "id": "1046", "dap": 57.2, "ht": 34.8, "rc_n": 3.6, "rc_s": 4.3, "rc_e": 4.0, "rc_o": 6.8}, "geometry": {"type": "Point", "coordinates": [-73.0307533646674, -41.1250713526549]}}, {"type": "Feature", "properties": {"standId": "roble", "id": "1047", "dap": 41.0, "ht": 34.3, "rc_n": 5.4, "rc_s": 3.1, "rc_e": 2.3, "rc_o": 4.6}, "geometry": {"type": "Point", "coordinates": [-73.0308178993096, -41.1250557593812]}}, {"type": "Feature", "properties": {"standId": "roble", "id": "1048", "dap": 37.3, "ht": 34.4, "rc_n": 3.2, "rc_s": 3.6, "rc_e": 5.9, "rc_o": 3.5}, "geometry": {"type": "Point", "coordinates": [-73.0308010192139, -41.12500971747289]}}, {"type": "Feature", "properties": {"standId": "roble", "id": "1049", "dap": 60.0, "ht": 39.0, "rc_n": 10.1, "rc_s": 2.7, "rc_e": 8.2, "rc_o": 5.2}, "geometry": {"type": "Point", "coordinates": [-73.0308055863251, -41.1249936440027]}}, {"type": "Feature", "properties": {"standId": "roble", "id": "1050", "dap": 47.1, "ht": 33.3, "rc_n": 3.4, "rc_s": 5.1, "rc_e": 5.5, "rc_o": 4.5}, "geometry": {"type": "Point", "coordinates": [-73.0309079866016, -41.1250587566135]}}, {"type": "Feature", "properties": {"standId": "roble", "id": "1052", "dap": 37.5, "ht": 33.9, "rc_n": 4.5, "rc_s": 1.4, "rc_e": 3.4, "rc_o": 4.9}, "geometry": {"type": "Point", "coordinates": [-73.0309358217398, -41.1250258060921]}}, {"type": "Feature", "properties": {"standId": "roble", "id": "1053", "dap": 45.5, "ht": 32.7, "rc_n": 4.4, "rc_s": 8.3, "rc_e": 4.9, "rc_o": 5.6}, "geometry": {"type": "Point", "coordinates": [-73.0309011249251, -41.1249767643192]}}, {"type": "Feature", "properties": {"standId": "roble", "id": "1055", "dap": 23.2, "ht": 34.3, "rc_n": 3.0, "rc_s": 1.2, "rc_e": 5.2, "rc_o": 1.7}, "geometry": {"type": "Point", "coordinates": [-73.0309105035365, -41.1249519720199]}}, {"type": "Feature", "properties": {"standId": "roble", "id": "1056", "dap": 34.1, "ht": 30.8, "rc_n": 2.4, "rc_s": 3.6, "rc_e": 2.5, "rc_o": 2.9}, "geometry": {"type": "Point", "coordinates": [-73.0309642081572, -41.12495055374019]}}, {"type": "Feature", "properties": {"standId": "roble", "id": "1057", "dap": 38.0, "ht": 35.8, "rc_n": 3.9, "rc_s": 4.1, "rc_e": 3.5, "rc_o": 4.2}, "geometry": {"type": "Point", "coordinates": [-73.0310204035304, -41.1249881142957]}}, {"type": "Feature", "properties": {"standId": "roble", "id": "1060", "dap": 25.9, "ht": 32.1, "rc_n": 2.9, "rc_s": 2.2, "rc_e": 2.6, "rc_o": 3.6}, "geometry": {"type": "Point", "coordinates": [-73.0308308596077, -41.12510480582121]}}, {"type": "Feature", "properties": {"standId": "roble", "id": "1061", "dap": 45.5, "ht": 31.8, "rc_n": 3.4, "rc_s": 4.3, "rc_e": 4.3, "rc_o": 5.8}, "geometry": {"type": "Point", "coordinates": [-73.0310670849202, -41.1250093318923]}}, {"type": "Feature", "properties": {"standId": "roble", "id": "1062", "dap": 41.2, "ht": 30.0, "rc_n": 3.8, "rc_s": 4.9, "rc_e": 4.7, "rc_o": 4.2}, "geometry": {"type": "Point", "coordinates": [-73.0310491014543, -41.12495297440189]}}, {"type": "Feature", "properties": {"standId": "roble", "id": "1063", "dap": 37.9, "ht": 37.8, "rc_n": 3.3, "rc_s": 5.0, "rc_e": 5.0, "rc_o": 5.7}, "geometry": {"type": "Point", "coordinates": [-73.0311104441693, -41.12492442574529]}}, {"type": "Feature", "properties": {"standId": "roble", "id": "1064", "dap": 36.4, "ht": 34.6, "rc_n": 4.8, "rc_s": 7.0, "rc_e": 5.9, "rc_o": 4.4}, "geometry": {"type": "Point", "coordinates": [-73.0310873847133, -41.124895141843]}}, {"type": "Feature", "properties": {"standId": "roble", "id": "1065", "dap": 34.9, "ht": 33.0, "rc_n": 3.8, "rc_s": 6.3, "rc_e": 2.4, "rc_o": 4.3}, "geometry": {"type": "Point", "coordinates": [-73.0310150862775, -41.12490430624919]}}, {"type": "Feature", "properties": {"standId": "roble", "id": "1066", "dap": 51.5, "ht": 35.0, "rc_n": 5.1, "rc_s": 7.6, "rc_e": 5.8, "rc_o": 8.2}, "geometry": {"type": "Point", "coordinates": [-73.03096064965702, -41.1249077027504]}}, {"type": "Feature", "properties": {"standId": "roble", "id": "1067", "dap": 51.2, "ht": 38.3, "rc_n": 6.7, "rc_s": 6.3, "rc_e": 11.4, "rc_o": 5.3}, "geometry": {"type": "Point", "coordinates": [-73.0309154830952, -41.124886791903485]}}, {"type": "Feature", "properties": {"standId": "roble", "id": "1068", "dap": 63.7, "ht": 38.7, "rc_n": 3.7, "rc_s": 0.0, "rc_e": 15.5, "rc_o": 0.0}, "geometry": {"type": "Point", "coordinates": [-73.0309067084412, -41.124911920403896]}}, {"type": "Feature", "properties": {"standId": "roble", "id": "1069", "dap": 58.0, "ht": 38.0, "rc_n": 7.7, "rc_s": 6.6, "rc_e": 10.1, "rc_o": 5.4}, "geometry": {"type": "Point", "coordinates": [-73.0309453750519, -41.12485061475461]}}, {"type": "Feature", "properties": {"standId": "roble", "id": "1070", "dap": 51.8, "ht": 33.5, "rc_n": 5.2, "rc_s": 5.5, "rc_e": 6.1, "rc_o": 7.4}, "geometry": {"type": "Point", "coordinates": [-73.0310195593855, -41.1248420312157]}}, {"type": "Feature", "properties": {"standId": "roble", "id": "1071", "dap": 42.3, "ht": 33.4, "rc_n": 3.5, "rc_s": 3.5, "rc_e": 4.3, "rc_o": 4.0}, "geometry": {"type": "Point", "coordinates": [-73.0311399911745, -41.12489093033369]}}, {"type": "Feature", "properties": {"standId": "roble", "id": "1072", "dap": 51.7, "ht": 31.5, "rc_n": 4.8, "rc_s": 1.8, "rc_e": 5.3, "rc_o": 5.0}, "geometry": {"type": "Point", "coordinates": [-73.03114998709361, -41.1248659811968]}}, {"type": "Feature", "properties": {"standId": "roble", "id": "1073", "dap": 40.2, "ht": 22.7, "rc_n": 0.0, "rc_s": 0.0, "rc_e": 0.0, "rc_o": 6.0}, "geometry": {"type": "Point", "coordinates": [-73.031180427104, -41.12483182778019]}}, {"type": "Feature", "properties": {"standId": "roble", "id": "1074", "dap": 27.4, "ht": 26.5, "rc_n": 2.1, "rc_s": 2.4, "rc_e": 2.8, "rc_o": 2.4}, "geometry": {"type": "Point", "coordinates": [-73.0311465958715, -41.12482522794081]}}, {"type": "Feature", "properties": {"standId": "roble", "id": "1075", "dap": 40.8, "ht": 33.0, "rc_n": 3.7, "rc_s": 8.3, "rc_e": 3.0, "rc_o": 6.2}, "geometry": {"type": "Point", "coordinates": [-73.0310695834814, -41.12479720232079]}}, {"type": "Feature", "properties": {"standId": "roble", "id": "1076", "dap": 42.0, "ht": 38.5, "rc_n": 5.0, "rc_s": 2.9, "rc_e": 8.4, "rc_o": 5.0}, "geometry": {"type": "Point", "coordinates": [-73.0310271362694, -41.12481600313599]}}, {"type": "Feature", "properties": {"standId": "roble", "id": "1077", "dap": 54.7, "ht": 36.6, "rc_n": 5.5, "rc_s": 5.1, "rc_e": 9.0, "rc_o": 2.3}, "geometry": {"type": "Point", "coordinates": [-73.030990590148, -41.1247685466966]}}, {"type": "Feature", "properties": {"standId": "roble", "id": "1078", "dap": 46.2, "ht": 37.6, "rc_n": 4.1, "rc_s": 3.3, "rc_e": 6.9, "rc_o": 2.7}, "geometry": {"type": "Point", "coordinates": [-73.0310391659154, -41.1247633398931]}}, {"type": "Feature", "properties": {"standId": "roble", "id": "1079", "dap": 51.2, "ht": 34.2, "rc_n": 4.3, "rc_s": 3.4, "rc_e": 2.3, "rc_o": 4.5}, "geometry": {"type": "Point", "coordinates": [-73.0310779353197, -41.124772306354004]}}, {"type": "Feature", "properties": {"standId": "roble", "id": "1080", "dap": 37.0, "ht": 29.8, "rc_n": 2.8, "rc_s": 3.0, "rc_e": 2.4, "rc_o": 3.4}, "geometry": {"type": "Point", "coordinates": [-73.0311422738579, -41.1247852600089]}}, {"type": "Feature", "properties": {"standId": "roble", "id": "1081", "dap": 52.5, "ht": 29.2, "rc_n": 2.7, "rc_s": 3.7, "rc_e": 1.7, "rc_o": 8.0}, "geometry": {"type": "Point", "coordinates": [-73.0311762752421, -41.124790741572895]}}, {"type": "Feature", "properties": {"standId": "roble", "id": "1082", "dap": 17.5, "ht": 15.1, "rc_n": 1.0, "rc_s": 1.3, "rc_e": 0.9, "rc_o": 0.7}, "geometry": {"type": "Point", "coordinates": [-73.0311318226121, -41.1247691515033]}}, {"type": "Feature", "properties": {"standId": "roble", "id": "1083", "dap": 62.0, "ht": 29.3, "rc_n": 8.1, "rc_s": 2.4, "rc_e": 2.1, "rc_o": 10.6}, "geometry": {"type": "Point", "coordinates": [-73.0311471947687, -41.12475003549349]}}, {"type": "Feature", "properties": {"standId": "roble", "id": "1084", "dap": 30.0, "ht": 30.9, "rc_n": 1.7, "rc_s": 1.3, "rc_e": 0.9, "rc_o": 3.7}, "geometry": {"type": "Point", "coordinates": [-73.031183097719, -41.124657918382994]}}, {"type": "Feature", "properties": {"standId": "roble", "id": "1084", "dap": 30.0, "ht": 30.9, "rc_n": 1.7, "rc_s": 1.3, "rc_e": 0.9, "rc_o": 3.7}, "geometry": {"type": "Point", "coordinates": [-73.0310950237252, -41.12472326099989]}}, {"type": "Feature", "properties": {"standId": "roble", "id": "1085", "dap": 52.0, "ht": 34.6, "rc_n": 7.7, "rc_s": 3.3, "rc_e": 4.6, "rc_o": 4.9}, "geometry": {"type": "Point", "coordinates": [-73.0311406695523, -41.1246453157555]}}, {"type": "Feature", "properties": {"standId": "roble", "id": "1085", "dap": 52.0, "ht": 34.6, "rc_n": 7.7, "rc_s": 3.3, "rc_e": 4.6, "rc_o": 4.9}, "geometry": {"type": "Point", "coordinates": [-73.031028193255, -41.12470937847551]}}, {"type": "Feature", "properties": {"standId": "roble", "id": "1086", "dap": 45.8, "ht": 37.8, "rc_n": 8.8, "rc_s": 1.4, "rc_e": 12.7, "rc_o": 9.0}, "geometry": {"type": "Point", "coordinates": [-73.0310170381783, -41.12473268064969]}}, {"type": "Feature", "properties": {"standId": "roble", "id": "1087", "dap": 62.5, "ht": 36.5, "rc_n": 10.2, "rc_s": 2.3, "rc_e": 3.9, "rc_o": 8.4}, "geometry": {"type": "Point", "coordinates": [-73.0312074017272, -41.124620154499304]}}, {"type": "Feature", "properties": {"standId": "roble", "id": "1087", "dap": 62.5, "ht": 36.5, "rc_n": 10.2, "rc_s": 2.3, "rc_e": 3.9, "rc_o": 8.4}, "geometry": {"type": "Point", "coordinates": [-73.031092460362, -41.12468048880681]}}, {"type": "Feature", "properties": {"standId": "roble", "id": "1088", "dap": 20.0, "ht": 16.1, "rc_n": 3.5, "rc_s": 3.1, "rc_e": 4.2, "rc_o": 2.9}, "geometry": {"type": "Point", "coordinates": [-73.0311848587454, -41.124913189780195]}}, {"type": "Feature", "properties": {"standId": "roble", "id": "1090", "dap": 30.5, "ht": 24.4, "rc_n": 3.2, "rc_s": 3.8, "rc_e": 4.0, "rc_o": 3.0}, "geometry": {"type": "Point", "coordinates": [-73.0311341968281, -41.1249567445667]}}, {"type": "Feature", "properties": {"standId": "roble", "id": "1091", "dap": 26.5, "ht": 30.5, "rc_n": 2.8, "rc_s": 2.5, "rc_e": 2.1, "rc_o": 3.0}, "geometry": {"type": "Point", "coordinates": [-73.0311374979722, -41.1250361886577]}}, {"type": "Feature", "properties": {"standId": "roble", "id": "1094", "dap": 60.9, "ht": 33.2, "rc_n": 5.6, "rc_s": 8.0, "rc_e": 5.5, "rc_o": 4.6}, "geometry": {"type": "Point", "coordinates": [-73.0311936982563, -41.1249919058167]}}, {"type": "Feature", "properties": {"standId": "roble", "id": "1095", "dap": 32.8, "ht": 28.0, "rc_n": 5.0, "rc_s": 1.9, "rc_e": 2.7, "rc_o": 3.0}, "geometry": {"type": "Point", "coordinates": [-73.0312007390193, -41.1249677347798]}}, {"type": "Feature", "properties": {"standId": "roble", "id": "1096", "dap": 50.5, "ht": 25.2, "rc_n": 7.0, "rc_s": 3.0, "rc_e": 2.3, "rc_o": 8.0}, "geometry": {"type": "Point", "coordinates": [-73.031221289121, -41.124959908697015]}}, {"type": "Feature", "properties": {"standId": "roble", "id": "1097", "dap": 36.3, "ht": 31.4, "rc_n": 3.5, "rc_s": 3.3, "rc_e": 2.4, "rc_o": 3.0}, "geometry": {"type": "Point", "coordinates": [-73.0311766676577, -41.1249377468269]}}, {"type": "Feature", "properties": {"standId": "roble", "id": "1099", "dap": 35.7, "ht": 28.4, "rc_n": 6.5, "rc_s": 0.0, "rc_e": 3.0, "rc_o": 4.7}, "geometry": {"type": "Point", "coordinates": [-73.0310133081702, -41.125054119219506]}}, {"type": "Feature", "properties": {"standId": "roble", "id": "1100", "dap": 39.2, "ht": 30.5, "rc_n": 7.3, "rc_s": 6.0, "rc_e": 3.2, "rc_o": 5.0}, "geometry": {"type": "Point", "coordinates": [-73.031066938167, -41.12505080042139]}}, {"type": "Feature", "properties": {"standId": "roble", "id": "1101", "dap": 41.3, "ht": 29.6, "rc_n": 5.1, "rc_s": 6.0, "rc_e": 3.4, "rc_o": 4.0}, "geometry": {"type": "Point", "coordinates": [-73.0308547134164, -41.1251346065405]}}, {"type": "Feature", "properties": {"standId": "roble", "id": "1102", "dap": 45.3, "ht": 34.6, "rc_n": 8.1, "rc_s": 2.2, "rc_e": 7.7, "rc_o": 6.0}, "geometry": {"type": "Point", "coordinates": [-73.03099896348502, -41.125097127730484]}}, {"type": "Feature", "properties": {"standId": "roble", "id": "1959", "dap": null, "ht": null, "rc_n": null, "rc_s": null, "rc_e": null, "rc_o": null}, "geometry": {"type": "Point", "coordinates": [-73.0308206800702, -41.125127527108184]}}, {"type": "Feature", "properties": {"standId": "roble", "id": "Etiqueta perdida", "dap": null, "ht": null, "rc_n": null, "rc_s": null, "rc_e": null, "rc_o": null}, "geometry": {"type": "Point", "coordinates": [-73.03114921414301, -41.1250115228905]}}, {"type": "Feature", "properties": {"standId": "tepa", "id": "5001", "dap": 36.5, "ht": 19.5, "rc_n": 1.1, "rc_s": 4.5, "rc_e": 1.3, "rc_o": 3.9}, "geometry": {"type": "Point", "coordinates": [-73.0302322902389, -41.123837093696]}}, {"type": "Feature", "properties": {"standId": "tepa", "id": "5002", "dap": 12.5, "ht": 14.8, "rc_n": 1.5, "rc_s": 1.4, "rc_e": 0.8, "rc_o": 0.8}, "geometry": {"type": "Point", "coordinates": [-73.0302096026452, -41.12383866666091]}}, {"type": "Feature", "properties": {"standId": "tepa", "id": "5003", "dap": 27.0, "ht": 21.0, "rc_n": 1.1, "rc_s": 1.9, "rc_e": 1.2, "rc_o": 1.7}, "geometry": {"type": "Point", "coordinates": [-73.03018639816311, -41.1238416592319]}}, {"type": "Feature", "properties": {"standId": "tepa", "id": "5004", "dap": 52.5, "ht": 22.4, "rc_n": 2.2, "rc_s": 5.6, "rc_e": 3.9, "rc_o": 3.9}, "geometry": {"type": "Point", "coordinates": [-73.0301973797949, -41.123870720471004]}}, {"type": "Feature", "properties": {"standId": "tepa", "id": "5005", "dap": 46.0, "ht": 24.1, "rc_n": null, "rc_s": null, "rc_e": null, "rc_o": null}, "geometry": {"type": "Point", "coordinates": [-73.0301580579219, -41.1238445338717]}}, {"type": "Feature", "properties": {"standId": "tepa", "id": "5006 , 5009 , 5008 ,  5007 , 5006", "dap": null, "ht": null, "rc_n": null, "rc_s": null, "rc_e": null, "rc_o": null}, "geometry": {"type": "Point", "coordinates": [-73.0302678006517, -41.12380444458539]}}, {"type": "Feature", "properties": {"standId": "tepa", "id": "5010", "dap": 20.5, "ht": 13.9, "rc_n": 0.0, "rc_s": 2.0, "rc_e": 0.0, "rc_o": 1.7}, "geometry": {"type": "Point", "coordinates": [-73.0302530007009, -41.12380481359231]}}, {"type": "Feature", "properties": {"standId": "tepa", "id": "5011", "dap": 27.5, "ht": 20.2, "rc_n": 1.2, "rc_s": 1.5, "rc_e": 1.0, "rc_o": 1.4}, "geometry": {"type": "Point", "coordinates": [-73.030232856341, -41.123792892192796]}}, {"type": "Feature", "properties": {"standId": "tepa", "id": "5012", "dap": 18.0, "ht": 18.1, "rc_n": 1.3, "rc_s": 1.2, "rc_e": 1.6, "rc_o": 0.9}, "geometry": {"type": "Point", "coordinates": [-73.0302150874948, -41.123788900338795]}}, {"type": "Feature", "properties": {"standId": "tepa", "id": "5013", "dap": 13.0, "ht": 16.2, "rc_n": 1.7, "rc_s": 1.0, "rc_e": 2.0, "rc_o": 0.9}, "geometry": {"type": "Point", "coordinates": [-73.0302229831043, -41.12377305644619]}}, {"type": "Feature", "properties": {"standId": "tepa", "id": "5014", "dap": 22.0, "ht": 18.1, "rc_n": 2.3, "rc_s": 0.5, "rc_e": 1.2, "rc_o": 1.3}, "geometry": {"type": "Point", "coordinates": [-73.0302394076048, -41.1237790912338]}}, {"type": "Feature", "properties": {"standId": "tepa", "id": "5015", "dap": 40.0, "ht": 22.4, "rc_n": 1.4, "rc_s": 1.5, "rc_e": 1.4, "rc_o": 1.6}, "geometry": {"type": "Point", "coordinates": [-73.0302549056625, -41.123790344457795]}}, {"type": "Feature", "properties": {"standId": "tepa", "id": "5017", "dap": 46.5, "ht": 24.6, "rc_n": 2.6, "rc_s": 2.6, "rc_e": 3.1, "rc_o": 5.6}, "geometry": {"type": "Point", "coordinates": [-73.0302630594332, -41.12376124539921]}}, {"type": "Feature", "properties": {"standId": "tepa", "id": "5018", "dap": 31.0, "ht": 24.0, "rc_n": 1.6, "rc_s": 1.9, "rc_e": 1.7, "rc_o": 2.1}, "geometry": {"type": "Point", "coordinates": [-73.0302559407426, -41.1237250974754]}}, {"type": "Feature", "properties": {"standId": "tepa", "id": "5019", "dap": 17.0, "ht": 22.1, "rc_n": 1.7, "rc_s": 0.0, "rc_e": 1.4, "rc_o": 0.6}, "geometry": {"type": "Point", "coordinates": [-73.0302365006315, -41.123715464493]}}, {"type": "Feature", "properties": {"standId": "tepa", "id": "5020", "dap": 17.5, "ht": 17.3, "rc_n": 0.7, "rc_s": 0.7, "rc_e": 1.8, "rc_o": 1.3}, "geometry": {"type": "Point", "coordinates": [-73.0302130669717, -41.123726681265296]}}, {"type": "Feature", "properties": {"standId": "tepa", "id": "5021", "dap": 20.0, "ht": 18.6, "rc_n": 2.1, "rc_s": 2.4, "rc_e": 1.4, "rc_o": 2.2}, "geometry": {"type": "Point", "coordinates": [-73.0302116408621, -41.1237103931166]}}, {"type": "Feature", "properties": {"standId": "tepa", "id": "5022", "dap": 16.5, "ht": 17.1, "rc_n": 0.3, "rc_s": 0.8, "rc_e": 0.6, "rc_o": 1.0}, "geometry": {"type": "Point", "coordinates": [-73.0301816046357, -41.123719067242604]}}, {"type": "Feature", "properties": {"standId": "tepa", "id": "5023", "dap": 18.5, "ht": 17.2, "rc_n": 0.4, "rc_s": 1.6, "rc_e": 1.2, "rc_o": 1.3}, "geometry": {"type": "Point", "coordinates": [-73.0301718276586, -41.123746681308496]}}, {"type": "Feature", "properties": {"standId": "tepa", "id": "5024", "dap": 20.5, "ht": 18.8, "rc_n": 1.1, "rc_s": 1.6, "rc_e": 1.3, "rc_o": 1.5}, "geometry": {"type": "Point", "coordinates": [-73.0301605989498, -41.123724461627496]}}, {"type": "Feature", "properties": {"standId": "tepa", "id": "5025", "dap": 15.5, "ht": 17.4, "rc_n": 1.1, "rc_s": 0.6, "rc_e": 0.5, "rc_o": 0.9}, "geometry": {"type": "Point", "coordinates": [-73.0301432518475, -41.1237423434575]}}, {"type": "Feature", "properties": {"standId": "tepa", "id": "5026", "dap": 22.5, "ht": 17.1, "rc_n": 2.1, "rc_s": 2.0, "rc_e": 2.3, "rc_o": 1.4}, "geometry": {"type": "Point", "coordinates": [-73.03013413143, -41.12371511404291]}}, {"type": "Feature", "properties": {"standId": "tepa", "id": "5027", "dap": 22.5, "ht": 20.0, "rc_n": 1.8, "rc_s": 1.9, "rc_e": 1.5, "rc_o": 2.2}, "geometry": {"type": "Point", "coordinates": [-73.0301139919544, -41.12374048903939]}}, {"type": "Feature", "properties": {"standId": "tepa", "id": "5028", "dap": 11.5, "ht": 13.1, "rc_n": 1.8, "rc_s": 1.2, "rc_e": 0.4, "rc_o": 1.0}, "geometry": {"type": "Point", "coordinates": [-73.0301123884642, -41.1237152581045]}}, {"type": "Feature", "properties": {"standId": "tepa", "id": "5029", "dap": 14.0, "ht": 11.9, "rc_n": 0.9, "rc_s": 2.8, "rc_e": 0.8, "rc_o": 1.7}, "geometry": {"type": "Point", "coordinates": [-73.0300715191518, -41.1237265921922]}}, {"type": "Feature", "properties": {"standId": "tepa", "id": "5030", "dap": 26.0, "ht": 23.9, "rc_n": 1.5, "rc_s": 3.2, "rc_e": 0.9, "rc_o": 2.4}, "geometry": {"type": "Point", "coordinates": [-73.0300547189396, -41.12372690623701]}}, {"type": "Feature", "properties": {"standId": "tepa", "id": "5031", "dap": 15.5, "ht": 17.4, "rc_n": 2.4, "rc_s": 0.8, "rc_e": 1.3, "rc_o": 1.4}, "geometry": {"type": "Point", "coordinates": [-73.030059362322, -41.12369937981719]}}, {"type": "Feature", "properties": {"standId": "tepa", "id": "5032", "dap": 13.0, "ht": 16.7, "rc_n": 1.5, "rc_s": 1.3, "rc_e": 1.0, "rc_o": 1.6}, "geometry": {"type": "Point", "coordinates": [-73.0300385889483, -41.1236954870908]}}, {"type": "Feature", "properties": {"standId": "tepa", "id": "5033", "dap": 31.5, "ht": 23.3, "rc_n": 2.8, "rc_s": 4.4, "rc_e": 2.5, "rc_o": 3.5}, "geometry": {"type": "Point", "coordinates": [-73.0300317283018, -41.12372464983189]}}, {"type": "Feature", "properties": {"standId": "tepa", "id": "5034", "dap": 17.5, "ht": 14.4, "rc_n": 2.2, "rc_s": 1.8, "rc_e": 0.5, "rc_o": 1.5}, "geometry": {"type": "Point", "coordinates": [-73.0300177850313, -41.123694205087]}}, {"type": "Feature", "properties": {"standId": "tepa", "id": "5035", "dap": 18.0, "ht": 16.1, "rc_n": 2.3, "rc_s": 1.6, "rc_e": 0.0, "rc_o": 1.7}, "geometry": {"type": "Point", "coordinates": [-73.0299890739338, -41.1236987758876]}}, {"type": "Feature", "properties": {"standId": "tepa", "id": "5036", "dap": null, "ht": 17.4, "rc_n": 1.7, "rc_s": 1.0, "rc_e": 3.5, "rc_o": 1.2}, "geometry": {"type": "Point", "coordinates": [-73.0299675965713, -41.12368690214069]}}, {"type": "Feature", "properties": {"standId": "tepa", "id": "5037", "dap": 29.5, "ht": 23.7, "rc_n": 3.7, "rc_s": 3.1, "rc_e": 1.6, "rc_o": 2.1}, "geometry": {"type": "Point", "coordinates": [-73.0299412352812, -41.1236870059601]}}, {"type": "Feature", "properties": {"standId": "tepa", "id": "5038", "dap": 40.0, "ht": 25.1, "rc_n": 2.6, "rc_s": 0.8, "rc_e": 3.4, "rc_o": 1.0}, "geometry": {"type": "Point", "coordinates": [-73.029938688392, -41.1236712873104]}}, {"type": "Feature", "properties": {"standId": "tepa", "id": "5039", "dap": 29.5, "ht": 18.1, "rc_n": 2.8, "rc_s": 1.1, "rc_e": 2.6, "rc_o": 2.8}, "geometry": {"type": "Point", "coordinates": [-73.0299315058478, -41.1236359659342]}}, {"type": "Feature", "properties": {"standId": "tepa", "id": "5040", "dap": 28.5, "ht": 21.6, "rc_n": 1.9, "rc_s": 1.4, "rc_e": 0.0, "rc_o": 2.6}, "geometry": {"type": "Point", "coordinates": [-73.029952498426, -41.12362914973019]}}, {"type": "Feature", "properties": {"standId": "tepa", "id": "5041", "dap": 29.0, "ht": 20.2, "rc_n": 1.9, "rc_s": 1.5, "rc_e": 0.5, "rc_o": 3.7}, "geometry": {"type": "Point", "coordinates": [-73.0299541192471, -41.123610185516696]}}, {"type": "Feature", "properties": {"standId": "tepa", "id": "5042", "dap": 15.5, "ht": 20.4, "rc_n": 1.7, "rc_s": 0.6, "rc_e": 0.0, "rc_o": 3.0}, "geometry": {"type": "Point", "coordinates": [-73.029972171336, -41.123636148046195]}}, {"type": "Feature", "properties": {"standId": "tepa", "id": "5043", "dap": 13.5, "ht": 18.6, "rc_n": 2.1, "rc_s": 0.6, "rc_e": 0.0, "rc_o": 2.3}, "geometry": {"type": "Point", "coordinates": [-73.0299834638546, -41.123674993732095]}}, {"type": "Feature", "properties": {"standId": "tepa", "id": "5044", "dap": 15.0, "ht": 17.4, "rc_n": 1.7, "rc_s": 0.8, "rc_e": 0.9, "rc_o": 1.3}, "geometry": {"type": "Point", "coordinates": [-73.0300039524522, -41.1236517651197]}}, {"type": "Feature", "properties": {"standId": "tepa", "id": "5045", "dap": 13.0, "ht": 15.6, "rc_n": 1.8, "rc_s": 0.9, "rc_e": 0.8, "rc_o": 1.1}, "geometry": {"type": "Point", "coordinates": [-73.0300180281537, -41.12366736905509]}}, {"type": "Feature", "properties": {"standId": "tepa", "id": "5046", "dap": 24.0, "ht": 17.0, "rc_n": 2.8, "rc_s": 1.7, "rc_e": 1.5, "rc_o": 1.5}, "geometry": {"type": "Point", "coordinates": [-73.0300409350657, -41.12367513027421]}}, {"type": "Feature", "properties": {"standId": "tepa", "id": "5047", "dap": 15.0, "ht": 19.8, "rc_n": 0.0, "rc_s": 1.4, "rc_e": 0.4, "rc_o": 1.7}, "geometry": {"type": "Point", "coordinates": [-73.0300708305748, -41.123687001641]}}, {"type": "Feature", "properties": {"standId": "tepa", "id": "5048", "dap": 14.5, "ht": 15.9, "rc_n": 0.0, "rc_s": 1.4, "rc_e": 0.8, "rc_o": 1.6}, "geometry": {"type": "Point", "coordinates": [-73.0300864858376, -41.1237055725028]}}, {"type": "Feature", "properties": {"standId": "tepa", "id": "5049", "dap": 12.0, "ht": 13.6, "rc_n": 2.5, "rc_s": 1.7, "rc_e": 1.1, "rc_o": 1.8}, "geometry": {"type": "Point", "coordinates": [-73.0302083331987, -41.123676427323296]}}, {"type": "Feature", "properties": {"standId": "tepa", "id": "5050", "dap": 9.5, "ht": 7.9, "rc_n": 1.3, "rc_s": 1.7, "rc_e": 1.2, "rc_o": 0.7}, "geometry": {"type": "Point", "coordinates": [-73.0302213159276, -41.12369649831741]}}, {"type": "Feature", "properties": {"standId": "tepa", "id": "5051", "dap": 23.5, "ht": 16.6, "rc_n": 1.8, "rc_s": 2.7, "rc_e": 1.5, "rc_o": 1.4}, "geometry": {"type": "Point", "coordinates": [-73.0301885795311, -41.1236761532234]}}, {"type": "Feature", "properties": {"standId": "tepa", "id": "5052", "dap": 23.5, "ht": 18.0, "rc_n": 2.5, "rc_s": 2.7, "rc_e": 2.4, "rc_o": 2.6}, "geometry": {"type": "Point", "coordinates": [-73.0301593623491, -41.12369708972209]}}, {"type": "Feature", "properties": {"standId": "tepa", "id": "5053", "dap": 25.0, "ht": 18.2, "rc_n": 1.2, "rc_s": 2.1, "rc_e": 1.8, "rc_o": 1.7}, "geometry": {"type": "Point", "coordinates": [-73.0301347392576, -41.1236977993189]}}, {"type": "Feature", "properties": {"standId": "tepa", "id": "5054", "dap": 30.0, "ht": 22.6, "rc_n": 1.7, "rc_s": 1.9, "rc_e": 2.2, "rc_o": 2.1}, "geometry": {"type": "Point", "coordinates": [-73.0300795426297, -41.1236676646409]}}, {"type": "Feature", "properties": {"standId": "tepa", "id": "5055", "dap": 22.5, "ht": 16.6, "rc_n": 1.6, "rc_s": 1.5, "rc_e": 1.8, "rc_o": 1.7}, "geometry": {"type": "Point", "coordinates": [-73.0300414293796, -41.12364719615248]}}, {"type": "Feature", "properties": {"standId": "tepa", "id": "5055", "dap": 22.5, "ht": 16.6, "rc_n": 1.6, "rc_s": 1.5, "rc_e": 1.8, "rc_o": 1.7}, "geometry": {"type": "Point", "coordinates": [-73.0300744047601, -41.123653186111795]}}, {"type": "Feature", "properties": {"standId": "tepa", "id": "5058", "dap": 15.5, "ht": 17.2, "rc_n": 0.9, "rc_s": 1.2, "rc_e": 1.4, "rc_o": 1.2}, "geometry": {"type": "Point", "coordinates": [-73.030042413925, -41.12362844381149]}}, {"type": "Feature", "properties": {"standId": "tepa", "id": "5059", "dap": 15.0, "ht": 17.0, "rc_n": 1.9, "rc_s": 1.1, "rc_e": 0.9, "rc_o": 1.4}, "geometry": {"type": "Point", "coordinates": [-73.0300208722165, -41.12365017074979]}}, {"type": "Feature", "properties": {"standId": "tepa", "id": "5060", "dap": 18.0, "ht": 15.7, "rc_n": 2.4, "rc_s": 0.8, "rc_e": 1.4, "rc_o": 1.9}, "geometry": {"type": "Point", "coordinates": [-73.0300068171289, -41.12363319573571]}}, {"type": "Feature", "properties": {"standId": "tepa", "id": "5061", "dap": 20.0, "ht": 15.0, "rc_n": 1.6, "rc_s": 1.3, "rc_e": 1.2, "rc_o": 1.3}, "geometry": {"type": "Point", "coordinates": [-73.0300176076834, -41.1235976153638]}}, {"type": "Feature", "properties": {"standId": "tepa", "id": "5062", "dap": 18.0, "ht": 17.9, "rc_n": 1.4, "rc_s": 0.8, "rc_e": 0.0, "rc_o": 1.7}, "geometry": {"type": "Point", "coordinates": [-73.0299971475191, -41.123595323856]}}, {"type": "Feature", "properties": {"standId": "tepa", "id": "5063", "dap": 28.5, "ht": 21.8, "rc_n": 2.1, "rc_s": 1.0, "rc_e": 2.6, "rc_o": 3.9}, "geometry": {"type": "Point", "coordinates": [-73.0299694292243, -41.123592366482505]}}, {"type": "Feature", "properties": {"standId": "tepa", "id": "5064", "dap": 34.0, "ht": 20.1, "rc_n": 4.7, "rc_s": 1.4, "rc_e": 2.7, "rc_o": 2.5}, "geometry": {"type": "Point", "coordinates": [-73.0299923854151, -41.123573215924196]}}, {"type": "Feature", "properties": {"standId": "tepa", "id": "5066", "dap": 31.5, "ht": 20.1, "rc_n": 2.0, "rc_s": 2.9, "rc_e": 2.8, "rc_o": 2.6}, "geometry": {"type": "Point", "coordinates": [-73.0300097652009, -41.1235951418776]}}, {"type": "Feature", "properties": {"standId": "tepa", "id": "5067", "dap": 9.0, "ht": 8.1, "rc_n": 0.6, "rc_s": 2.1, "rc_e": 1.3, "rc_o": 1.5}, "geometry": {"type": "Point", "coordinates": [-73.0300436981862, -41.12360901924559]}}, {"type": "Feature", "properties": {"standId": "tepa", "id": "5068", "dap": 11.5, "ht": 15.3, "rc_n": 1.7, "rc_s": 0.8, "rc_e": 1.3, "rc_o": 1.5}, "geometry": {"type": "Point", "coordinates": [-73.0300732131532, -41.1235994299522]}}, {"type": "Feature", "properties": {"standId": "tepa", "id": "5069", "dap": 19.0, "ht": 14.4, "rc_n": 0.7, "rc_s": 1.9, "rc_e": 1.7, "rc_o": 1.6}, "geometry": {"type": "Point", "coordinates": [-73.030077775037, -41.12362348687179]}}, {"type": "Feature", "properties": {"standId": "tepa", "id": "5070", "dap": 16.0, "ht": 16.2, "rc_n": 2.0, "rc_s": 1.6, "rc_e": 0.7, "rc_o": 1.6}, "geometry": {"type": "Point", "coordinates": [-73.0301124001884, -41.123600840380305]}}, {"type": "Feature", "properties": {"standId": "tepa", "id": "5071", "dap": 21.0, "ht": 18.4, "rc_n": 2.7, "rc_s": 1.8, "rc_e": 1.6, "rc_o": 1.7}, "geometry": {"type": "Point", "coordinates": [-73.030115014054, -41.12362026716559]}}, {"type": "Feature", "properties": {"standId": "tepa", "id": "5072", "dap": 35.0, "ht": 20.5, "rc_n": 1.9, "rc_s": 4.6, "rc_e": 1.4, "rc_o": 1.9}, "geometry": {"type": "Point", "coordinates": [-73.0301766513316, -41.12363438925699]}}, {"type": "Feature", "properties": {"standId": "tepa", "id": "5073", "dap": 22.0, "ht": 19.3, "rc_n": 2.7, "rc_s": 1.4, "rc_e": 1.1, "rc_o": 2.0}, "geometry": {"type": "Point", "coordinates": [-73.030139676942, -41.12359366885091]}}, {"type": "Feature", "properties": {"standId": "tepa", "id": "5074", "dap": 14.0, "ht": 14.1, "rc_n": 2.8, "rc_s": 0.0, "rc_e": 2.7, "rc_o": 1.9}, "geometry": {"type": "Point", "coordinates": [-73.0301416318377, -41.123579581258]}}, {"type": "Feature", "properties": {"standId": "tepa", "id": "5075", "dap": 12.0, "ht": 11.3, "rc_n": 1.8, "rc_s": 0.8, "rc_e": 0.7, "rc_o": 1.6}, "geometry": {"type": "Point", "coordinates": [-73.0300887872499, -41.12358637500719]}}, {"type": "Feature", "properties": {"standId": "tepa", "id": "5076", "dap": 13.5, "ht": 16.4, "rc_n": 2.0, "rc_s": 1.6, "rc_e": 1.2, "rc_o": 2.4}, "geometry": {"type": "Point", "coordinates": [-73.030035826528, -41.1235776197753]}}, {"type": "Feature", "properties": {"standId": "tepa", "id": "5077", "dap": 12.5, "ht": 14.7, "rc_n": 1.3, "rc_s": 2.0, "rc_e": 1.1, "rc_o": 1.5}, "geometry": {"type": "Point", "coordinates": [-73.0300578115965, -41.12357846431459]}}, {"type": "Feature", "properties": {"standId": "tepa", "id": "5078", "dap": 17.5, "ht": 15.9, "rc_n": 1.1, "rc_s": 1.4, "rc_e": 1.0, "rc_o": 1.4}, "geometry": {"type": "Point", "coordinates": [-73.0300541676013, -41.1235616540499]}}, {"type": "Feature", "properties": {"standId": "tepa", "id": "5079", "dap": 13.0, "ht": 15.5, "rc_n": 1.7, "rc_s": 2.3, "rc_e": 0.0, "rc_o": 2.3}, "geometry": {"type": "Point", "coordinates": [-73.0299800484065, -41.1235636879127]}}, {"type": "Feature", "properties": {"standId": "tepa", "id": "5080", "dap": 17.5, "ht": 15.8, "rc_n": 2.1, "rc_s": 3.4, "rc_e": 0.0, "rc_o": 2.7}, "geometry": {"type": "Point", "coordinates": [-73.0299984353035, -41.123587287342]}}, {"type": "Feature", "properties": {"standId": "tepa", "id": "5081", "dap": 19.5, "ht": 17.1, "rc_n": 0.9, "rc_s": 2.6, "rc_e": 2.1, "rc_o": 2.3}, "geometry": {"type": "Point", "coordinates": [-73.0299756866086, -41.12358797699711]}}, {"type": "Feature", "properties": {"standId": "tepa", "id": "5082", "dap": 26.0, "ht": 21.3, "rc_n": 1.4, "rc_s": 2.0, "rc_e": 1.5, "rc_o": 2.6}, "geometry": {"type": "Point", "coordinates": [-73.02994982019341, -41.123591673386194]}}, {"type": "Feature", "properties": {"standId": "tepa", "id": "5083", "dap": 16.5, "ht": 16.2, "rc_n": 0.8, "rc_s": 2.0, "rc_e": 0.0, "rc_o": 3.0}, "geometry": {"type": "Point", "coordinates": [-73.0299662939705, -41.12357144941339]}}, {"type": "Feature", "properties": {"standId": "tepa", "id": "5084", "dap": 28.0, "ht": 22.4, "rc_n": 3.4, "rc_s": 2.3, "rc_e": 1.9, "rc_o": 2.2}, "geometry": {"type": "Point", "coordinates": [-73.0299123916886, -41.12357091826301]}}, {"type": "Feature", "properties": {"standId": "tepa", "id": "5085", "dap": 27.0, "ht": 20.7, "rc_n": 1.5, "rc_s": 2.8, "rc_e": 1.3, "rc_o": 3.4}, "geometry": {"type": "Point", "coordinates": [-73.0299250580694, -41.123560350752186]}}, {"type": "Feature", "properties": {"standId": "tepa", "id": "5086", "dap": 21.0, "ht": 15.3, "rc_n": 1.8, "rc_s": 2.2, "rc_e": 2.2, "rc_o": 1.6}, "geometry": {"type": "Point", "coordinates": [-73.0299600666573, -41.1235268051482]}}, {"type": "Feature", "properties": {"standId": "tepa", "id": "5087", "dap": 21.5, "ht": 15.0, "rc_n": 2.8, "rc_s": 2.0, "rc_e": 2.2, "rc_o": 2.2}, "geometry": {"type": "Point", "coordinates": [-73.0299549762783, -41.123505958687495]}}, {"type": "Feature", "properties": {"standId": "tepa", "id": "5088", "dap": 16.0, "ht": 11.2, "rc_n": 2.1, "rc_s": 3.1, "rc_e": 1.2, "rc_o": 2.4}, "geometry": {"type": "Point", "coordinates": [-73.02998596854012, -41.12351257279829]}}, {"type": "Feature", "properties": {"standId": "tepa", "id": "5089", "dap": 19.5, "ht": 14.7, "rc_n": 2.1, "rc_s": 1.6, "rc_e": 1.8, "rc_o": 2.2}, "geometry": {"type": "Point", "coordinates": [-73.0299838947688, -41.123534983182594]}}, {"type": "Feature", "properties": {"standId": "tepa", "id": "5090", "dap": 14.0, "ht": 10.3, "rc_n": 0.6, "rc_s": 1.4, "rc_e": 1.0, "rc_o": 3.1}, "geometry": {"type": "Point", "coordinates": [-73.0300139059516, -41.1235471589558]}}, {"type": "Feature", "properties": {"standId": "tepa", "id": "5091", "dap": 17.0, "ht": 12.1, "rc_n": 1.8, "rc_s": 1.4, "rc_e": 1.6, "rc_o": 1.7}, "geometry": {"type": "Point", "coordinates": [-73.0300221519706, -41.12351586022441]}}, {"type": "Feature", "properties": {"standId": "tepa", "id": "5092", "dap": 14.0, "ht": 10.6, "rc_n": 1.3, "rc_s": 3.4, "rc_e": 1.1, "rc_o": 2.5}, "geometry": {"type": "Point", "coordinates": [-73.0300334748493, -41.123526410922885]}}, {"type": "Feature", "properties": {"standId": "tepa", "id": "5093", "dap": 12.0, "ht": 8.4, "rc_n": 0.0, "rc_s": 2.4, "rc_e": 1.1, "rc_o": 2.1}, "geometry": {"type": "Point", "coordinates": [-73.0300462876004, -41.1235404387626]}}, {"type": "Feature", "properties": {"standId": "tepa", "id": "5094", "dap": 13.0, "ht": 11.2, "rc_n": 2.3, "rc_s": 2.1, "rc_e": 1.3, "rc_o": 2.1}, "geometry": {"type": "Point", "coordinates": [-73.0300554235751, -41.1235247291868]}}, {"type": "Feature", "properties": {"standId": "tepa", "id": "5095", "dap": 14.5, "ht": 11.8, "rc_n": 2.1, "rc_s": 1.4, "rc_e": 1.6, "rc_o": 2.6}, "geometry": {"type": "Point", "coordinates": [-73.0300834137251, -41.1235329456802]}}, {"type": "Feature", "properties": {"standId": "tepa", "id": "5096", "dap": 12.0, "ht": 11.1, "rc_n": 2.4, "rc_s": 2.0, "rc_e": 2.1, "rc_o": 2.4}, "geometry": {"type": "Point", "coordinates": [-73.0301296195599, -41.123547577925]}}, {"type": "Feature", "properties": {"standId": "tepa", "id": "5097", "dap": 20.0, "ht": 14.2, "rc_n": 2.0, "rc_s": 2.0, "rc_e": 2.0, "rc_o": 2.1}, "geometry": {"type": "Point", "coordinates": [-73.0301745741718, -41.12355695379319]}}, {"type": "Feature", "properties": {"standId": "tepa", "id": "5098", "dap": 15.5, "ht": 14.6, "rc_n": 1.4, "rc_s": 0.6, "rc_e": 0.8, "rc_o": 1.9}, "geometry": {"type": "Point", "coordinates": [-73.0301820699827, -41.1235709833308]}}, {"type": "Feature", "properties": {"standId": "tepa", "id": "5099", "dap": 12.0, "ht": 10.3, "rc_n": 1.3, "rc_s": 1.5, "rc_e": 1.6, "rc_o": 2.0}, "geometry": {"type": "Point", "coordinates": [-73.0302045768891, -41.12356409397]}}, {"type": "Feature", "properties": {"standId": "tepa", "id": "5100", "dap": 12.5, "ht": 11.5, "rc_n": 2.0, "rc_s": 2.4, "rc_e": 2.2, "rc_o": 0.6}, "geometry": {"type": "Point", "coordinates": [-73.0302148958008, -41.12353070497838]}}, {"type": "Feature", "properties": {"standId": "tepa", "id": "5101", "dap": 23.0, "ht": 18.0, "rc_n": 2.6, "rc_s": 1.9, "rc_e": 2.8, "rc_o": 2.1}, "geometry": {"type": "Point", "coordinates": [-73.0302262993555, -41.12357468623279]}}, {"type": "Feature", "properties": {"standId": "tepa", "id": "5102", "dap": 31.0, "ht": 19.5, "rc_n": 1.9, "rc_s": 2.2, "rc_e": 1.3, "rc_o": 4.2}, "geometry": {"type": "Point", "coordinates": [-73.0302530049002, -41.1235530702707]}}, {"type": "Feature", "properties": {"standId": "tepa", "id": "Araucaria", "dap": null, "ht": null, "rc_n": null, "rc_s": null, "rc_e": null, "rc_o": null}, "geometry": {"type": "Point", "coordinates": [-73.030311641024, -41.1238614880355]}}, {"type": "Feature", "properties": {"standId": "tepa", "id": "Laurel", "dap": null, "ht": null, "rc_n": null, "rc_s": null, "rc_e": null, "rc_o": null}, "geometry": {"type": "Point", "coordinates": [-73.0301284790039, -41.123844146728494]}}, {"type": "Feature", "properties": {"standId": "tepa", "id": "Referencia", "dap": null, "ht": null, "rc_n": null, "rc_s": null, "rc_e": null, "rc_o": null}, "geometry": {"type": "Point", "coordinates": [-73.0301494573421, -41.1236761889543]}}, {"type": "Feature", "properties": {"standId": "tepa", "id": "Árbol medio camino", "dap": null, "ht": null, "rc_n": null, "rc_s": null, "rc_e": null, "rc_o": null}, "geometry": {"type": "Point", "coordinates": [-73.0301537994676, -41.12366193705609]}}]}
